claim_id,material_claim,maturity,theorem_or_lemma,proof_or_checker,source_or_test,experiment,figure_or_table,raw_result,fresh_recheck,boundary
C1,"For a downward-closed good predicate, repairing the all-new endpoint is equivalent to repairing every hidden committed subset for every reset support.",proved,Robustification theorem and exact converse,Mathematical proof in docs/semantics-and-proofs.md; truth-table functions in robustness.py,RobustnessBoundaryTests.test_downward_closure_exactly_characterizes_endpoint_collapse,All predicates with good reference through width 4,Paper Theorems 4.1--4.2; boundary results table,results/frontier-boundary-4-measurement.json,"clean extraction reproduction and final artifact-only review, 2026-09-15",Finite update universe; reset-to-old only.
C2,"Downward closure is necessary: outside it, an endpoint-correct support can fail on a reachable hidden subset.",proved-and-finite-checked,Necessity direction and boundary witness,Constructive proof; boundary_witness,test_nonmonotone_endpoint_has_concrete_failure_witness,First witness retained in exhaustive width-4 campaign,Paper Theorem 4.2; nonmonotone boundary figure/table,results/frontier-boundary-4-measurement.json,"clean extraction reproduction and final artifact-only review, 2026-09-15",Does not classify richer observation-based programs.
C3,"For upward-closed deviations, robust reset supports are exactly transversals of the inclusion-minimal rollback frontier.",proved,Rollback-transversal theorem,Mathematical equivalence; check_optimality_certificate verifies positive support,test_transversal_equivalence,"All 7,580 proper antichains on width 5 and every support",Paper Theorem 4.3; exhaustive validation table,results/frontier-summary.json,"clean extraction reproduction and final artifact-only review, 2026-09-15",Requires complete frontier for the declared projected relation.
C4,Every finite nonempty antichain is realizable by an owned acyclic packet-chain network whose projected trace deviations have exactly that frontier.,proved-and-finite-checked,Frontier realization theorem,Structural proof; forwarding.py direct traces; update_language.py denotation,test_chain_trace_frontier; test_compositional_denotation_matches_operation,Trace enumeration and language evaluation for all width-5 frontiers,Paper Theorems 3.1--3.2; Figure 1,results/frontier-exhaustive-5-chunk-00-of-08.csv,"clean extraction reproduction and final artifact-only review, 2026-09-15","Expressiveness result for the owned positive chain fragment, not all network languages."
C5,"A minimum robust blind rollback is a minimum hitting set of the frontier, and deciding whether one of size k exists is NP-complete even for the packet-chain construction.",proved,Optimization correspondence and Hitting Set reduction,Mathematical reduction; exact and brute-force solvers,test_exact_support_and_certificate,"7,580 exhaustive instances plus 101 structured instances",Paper Corollary 5.1 and Theorem 6.1,results/frontier-summary.json,"clean extraction reproduction and final artifact-only review, 2026-09-15",Cardinality objective; weighted and stateful command costs are not implemented.
C6,Perfect observation of the committed subset cannot improve the worst-case reset count over a blind minimum transversal.,proved-and-finite-checked,Worst-case telemetry theorem,All-new-state lower bound; minimum_state_repair oracle,test_perfect_observation_does_not_improve_worst_case,Every proper antichain on width 4,Paper Theorem 5.2,results/frontier-summary.json,"clean extraction reproduction and final artifact-only review, 2026-09-15",Worst-case count only; telemetry can improve per-state or expected cost.
C7,"If only reset atoms in A are available, recovery exists exactly when A hits every frontier edge; a disjoint edge is a complete witness.",proved-and-finite-checked,Availability corollary,Direct transversal argument; available_recovery,test_unavailable_reset_has_disjoint_frontier_witness,Representative mutation tests,Paper availability corollary and witness example,inputs/frontiers/disjoint.certificate.json,"clean extraction reproduction and final artifact-only review, 2026-09-15",Availability is static; command failures during recovery are excluded.
C8,Reset execution is regression-free in the positive fragment: the active deviation-class set only shrinks.,proved-and-finite-checked,Regression lemma,Set-inclusion proof; ChainNetwork.regression_free,test_regression_free_every_permutation,Every support/order in unit examples; canonical orders in exhaustive campaign,Paper regression lemma,results/frontier-summary.json,"clean extraction reproduction and final artifact-only review, 2026-09-15",Fails with nonmonotone goals or commands that add new atoms.
C9,The recursive lower-bound certificate checker soundly establishes that no support of size optimum-1 exists.,proved-and-finite-checked,Certificate soundness/completeness,"Induction on zero-budget, packing, and complete branch rules; checker recomputes residuals",test_certificate_rejects_deleted_branch; test_certificate_rejects_missing_hit,One certificate per exhaustive/structured frontier,Paper certificate soundness/completeness theorems; Figure 3,results/frontier-benchmarks.csv,"clean extraction reproduction and final artifact-only review, 2026-09-15",Checker and generator share mask/frontier utilities; not independent proof-assistant verification.
C10,"For interval frontiers in one common order, earliest-finish right-endpoint greedy is optimal.",proved-and-finite-checked,Interval exchange theorem,Exchange proof; interval_support,test_interval_greedy,132 exhaustive width-5 interval frontiers and 12 structured interval instances,Paper interval-frontier theorem,results/frontier-summary.json,"clean extraction reproduction and final artifact-only review, 2026-09-15",All edges must be intervals in the same fixed order.
C11,"The width-5 campaign visits 7,580 frontiers and all 242,560 supports over a nominal domain of 7,761,920 support--state pairs, with zero verdict mismatches.",measured,Finite exhaustive campaign,frontier_campaign.py,deterministic generation and short-circuit universal replay,Eight deterministic chunks,Paper exhaustive-validation table,results/frontier-summary.json,"clean extraction reproduction and final artifact-only review, 2026-09-15",The state-pair total is a domain size; it is not the executed inner-replay count.
C12,The 101 deterministic structured instances show family-dependent reductions relative to resetting every atom; these are synthetic stress cases.,measured,Structured benchmark campaign,exact solver plus checker,fixed construction and seeds,Five families,Paper structured-family table,results/frontier-summary.json,"clean extraction reproduction and final artifact-only review, 2026-09-15",No production savings or performance generalization.
C13,"The retained arbitrary finite-game baseline has 55,221 exact queries with zero disagreement and exposes 110 false positives from per-world reasoning.",finite-checked-prior-baseline,Bounded belief recurrence,legacy synthesis/oracle/checker implementations,test_certificates.py,finite and network suites,Paper general-baseline appendix and retained-baseline table,results/summary.json,"clean extraction reproduction and final artifact-only review, 2026-09-15",Established imperfect-information method; not a new algorithm or the primary contribution.
C14,Safe fully logged assignment prefixes can be blindly restored by reversing attempted assignments to their old values.,proved-and-finite-checked-prior-baseline,Reverse-log proposition,Constructive induction; logged_rollback.py,test_every_fault_position_and_stutter,496 applicable cases and 698 concrete executions,Paper logged-rollback baseline subsection,results/logged-assignments.csv,"clean extraction reproduction and final artifact-only review, 2026-09-15","Needs complete old values, idempotent compensations, and prefix safety; not minimality."
C15,The retained clean-run record reports reconstruction of declared deterministic outputs and separates deterministic equality from timing measurements.,measured-reproduction,Clean reproduction protocol,reproduce.py orchestrator with one bounded child at a time and semantic measurement comparison,"all documented test, campaign, analysis, example, CLI, and comparison commands",49 test methods in the retained run; 57 byte-identical scientific files; all finite campaigns,Paper executable-evidence and artifact-contract sections,results/reproduction.json,"clean extraction reproduction and final artifact-only review, 2026-09-15","Execution evidence only; not proof-assistant verification, deployment evidence, or independent review."
