name,scholarly_or_official_url,license,access_date,resource_type,acquisition_method,integration_mode,supported_claim,internals_modified,reading_or_distribution_boundary
NetKAT: Semantic Foundations for Networks,https://doi.org/10.1145/2535838.2535862,Scholarly work; redistribution permission not assumed; not bundled,2026-09-15,primary research paper,Publisher/author full text and DOI metadata,Paraphrased comparison and manuscript citation,Packet-history semantics and network-language context,no,Paper consulted; PDF not redistributed.
Why and Where: A Characterization of Data Provenance,https://doi.org/10.1007/3-540-44503-X_20,Scholarly work; redistribution permission not assumed; not bundled,2026-09-15,primary research paper,Publisher/author full text and DOI metadata,Paraphrased comparison and manuscript citation,Minimal provenance causes are established prior art,no,Paper consulted; PDF not redistributed.
Algorithms for omega-Regular Games with Imperfect Information,https://doi.org/10.2168/LMCS-3(3:4)2007,Open-access scholarly article; exact archive license retained upstream; not bundled,2026-09-15,primary research paper,Open-access full text and DOI metadata,Paraphrased comparison and manuscript citation,Knowledge-set construction and observation-based sure winning,no,Relevant construction/theorem sections inspected; no source PDF bundled.
Hyperproperties,https://doi.org/10.3233/JCS-2009-0393,Scholarly work; redistribution permission not assumed; not bundled,2026-09-15,primary research paper,Publisher/author full text and DOI metadata,Conceptual comparison and citation,Relational policies sit in a broader hyperproperty vocabulary,no,No claim that the artifact implements a hyperlogic.
Algorithms for Model Checking HyperLTL and HyperCTL*,https://doi.org/10.1007/978-3-319-21690-4_3,Scholarly work; redistribution permission not assumed; not bundled,2026-09-15,primary research paper,Publisher/author full text and DOI metadata,Conceptual comparison and citation,Boundary against temporal hyperlogic model checking,no,No paper PDF or model checker redistributed.
Probabilistic NetKAT,https://doi.org/10.1007/978-3-662-49498-1_12,Scholarly work; redistribution permission not assumed; not bundled,2026-09-15,primary research paper,Publisher/author full text and DOI metadata,Related-work comparison and citation,Probabilistic network-language context,no,No probabilistic rollback claim or implementation imported.
Sagas,https://doi.org/10.1145/38713.38742,Scholarly work; redistribution permission not assumed; not bundled,2026-09-15,primary research paper,Publisher/author full text and DOI metadata,Related-work comparison and citation,Compensation and long-running transaction context,no,No external code/data; reset model is deliberately narrower.
Provenance Semirings,https://doi.org/10.1145/1265530.1265535,Scholarly work; redistribution permission not assumed; not bundled,2026-09-15,primary research paper,Publisher/author full text and DOI metadata,Related-work comparison and citation,Semiring provenance is established technique,no,No provenance framework or implementation imported.
The Semiring Framework for Database Provenance,https://doi.org/10.1145/3034786.3056125,Scholarly work; redistribution permission not assumed; not bundled,2026-09-15,primary research paper,Publisher/author full text and DOI metadata,Related-work comparison and citation,Semiring-framework context and non-novelty boundary,no,No paper PDF bundled.
Modal Proofs as Distributed Programs,https://www.cs.princeton.edu/~dpw/papers/esop04.pdf,Scholarly work; redistribution permission not assumed; not bundled,2026-09-15,primary research paper,Author-hosted full text,Historical motivation and manuscript citation,Proof/program lineage and historical scope boundary,no,Available extended abstract inspected; omitted technical-report proofs not invented or redistributed.
Efficient Synthesis of Network Updates,https://doi.org/10.1145/2737924.2737980,Scholarly work; redistribution permission not assumed; not bundled,2026-09-15,primary research paper,Publisher/author full text and DOI metadata,Paraphrased comparison and citation,Forward network-update synthesis baseline,no,No code or benchmark imported; paper PDF not bundled.
Abstractions for Network Update,https://doi.org/10.1145/2342356.2342427,Scholarly work; redistribution permission not assumed; not bundled,2026-09-15,primary research paper,Publisher/author full text and DOI metadata,Paraphrased comparison and citation,Consistent network-update semantics,no,Does not support an ambiguous rollback claim; PDF not bundled.
Cantor Meets Scott: Semantic Foundations for Probabilistic Networks,https://doi.org/10.1145/3009837.3009843,Scholarly work; redistribution permission not assumed; not bundled,2026-09-15,primary research paper,Publisher/author full text and DOI metadata,Related-work comparison and citation,Probabilistic semantic context,no,No probabilistic implementation imported.
"Concurrent NetKAT: Modeling and Analyzing Stateful, Concurrent Networks",https://doi.org/10.1007/978-3-030-99336-8_21,Scholarly work; redistribution permission not assumed; not bundled,2026-09-15,primary research paper,Publisher/author full text and DOI metadata,Boundary comparison and citation,Stateful/concurrent network-language context,no,Concurrency and recovery-time failure remain excluded.
Occam: A Programming System for Reliable Network Management,https://doi.org/10.1145/3627703.3650086,Scholarly work; redistribution permission not assumed; not bundled,2026-09-15,primary research paper,Publisher/author full text and DOI metadata,Paraphrased comparison and citation,Operation-sensitive network-management recovery,no,"No production system, benchmark, or artifact imported."
Network Change Validation with Relational NetKAT,https://doi.org/10.1145/3776656,CC BY 4.0 indicated by the publication; PDF not bundled,2026-09-15,primary research paper,Publisher/author full text and DOI metadata,Strong relational-network comparison and citation,Relational trace-image language and current network-change context,no,Targeted semantics/theorem comparison; no implementation imported.
Provenance Guided Rollback Suggestions,https://doi.org/10.1017/S147106842500002X,Scholarly work; redistribution permission not assumed; not bundled,2026-09-15,primary research paper,Publisher full text and DOI metadata,Strongest rollback comparison and citation,Known-difference provenance localization and optimized partial rollback,no,No Souffle/Doop/ILP code or data imported; ambiguity delta stated explicitly.
Reducibility Among Combinatorial Problems,https://doi.org/10.1007/978-1-4684-2001-2_9,Scholarly work; redistribution permission not assumed; not bundled,2026-09-15,primary research chapter,Publisher metadata and lawful full-text copy,Classical complexity citation,Classical NP-completeness context for Hitting Set,no,No chapter PDF bundled; hardness result is not claimed as new.
"Supplied ACM acmart class, bibliography style, and license",https://www.acm.org/publications/authors/submissions,LPPL 1.3c and supplied notices preserved,2026-09-15,publisher template assets,Exact user-supplied matched template archive plus official template page,Unmodified files in paper package,ACM journal acmsmall layout,no,Class/style/BST internals not modified; paper build is separate from standalone artifact.
TOPLAS author guidelines,https://dl.acm.org/journal/toplas/author-guidelines,Official workflow page; content not redistributed,2026-09-15,official venue workflow source,Official page/search result inspection,Internal venue-contract check only,No published numerical hard cap identified; papers likely over 50 pages require special consideration,no,Not a scholarly manuscript citation; must be rechecked before external submission.
ACM publications policies and authorship guidance,https://www.acm.org/publications/policies,Official workflow pages; content not redistributed,2026-09-15,official policy source,Official ACM policy pages,External-use readiness boundary only,"Human authorship, accountability, originality, and truthful AI-use disclosure obligations",no,No claim that human agreements or submission declarations have been completed.
Python standard library,https://docs.python.org/3/library/,Python upstream license; runtime not redistributed,2026-09-15,execution dependency,Preinstalled runtime; no download,Used without modification,Standard-library-only deterministic implementation,no,"No runtime binary, environment fingerprint, or version manifest bundled."
PGF/TikZ and LaTeX runtime,https://ctan.org/pkg/pgf,Upstream package licenses; runtime not redistributed,2026-09-15,document build dependency,Preinstalled runtime; no scientific input download,Original native TikZ figures and ordinary TeX build,Publication-size formal diagrams,no,Runtime packages are not part of the standalone repository.
"Owned finite models, certificates, and generated result data",,MIT for newly authored code; owned generated data released with artifact,2026-09-15,scientific inputs and outputs,Deterministic local generation,"Exact source, inputs, raw outputs, and tests retained","All finite counts, witnesses, and negative controls",no,"No real traffic, private data, device access, human evidence, or external benchmark."
