frontier_index,edges,max_edge_width,interval,optimum,certificate_bytes
4,2,4,0,1,247
12,2,4,0,1,241
20,1,4,0,1,233
28,4,4,0,1,275
36,3,4,0,1,252
44,3,4,0,1,252
52,2,3,0,1,232
60,3,3,0,1,249
68,3,3,0,1,249
76,5,3,0,1,271
84,1,3,0,1,227
92,2,3,0,1,238
100,3,3,0,1,249
108,3,3,0,1,243
116,4,3,0,1,260
124,4,3,0,1,260
132,4,3,0,1,254
140,2,3,0,1,232
148,1,2,0,1,221
156,3,3,0,1,243
164,3,2,0,1,237
172,2,4,1,1,241
180,3,4,0,1,252
188,3,4,0,1,261
196,4,4,0,2,435
204,5,4,0,2,440
212,3,4,0,1,252
220,2,4,0,1,241
228,3,4,0,1,252
236,4,4,0,2,429
244,4,4,0,2,369
252,3,4,0,1,255
260,4,4,0,2,429
268,4,4,0,1,263
276,3,4,0,1,252
284,5,4,0,2,434
292,6,4,0,2,445
300,4,4,0,2,363
308,4,4,0,2,369
316,3,4,0,2,364
324,5,4,0,2,380
332,4,4,0,2,360
340,3,4,0,1,252
348,2,3,1,1,232
356,4,4,0,2,429
364,3,4,0,1,252
372,3,3,0,2,406
380,4,4,0,2,423
388,3,3,0,1,249
396,5,3,0,2,428
404,3,3,0,2,346
412,4,3,0,2,417
420,5,4,0,2,434
428,4,3,0,2,417
436,4,3,0,2,417
444,5,3,0,2,374
452,3,3,0,2,352
460,4,3,0,2,357
468,3,3,0,2,254
476,4,3,0,2,262
484,2,4,0,1,241
492,3,4,0,1,252
500,3,4,0,1,255
508,4,4,0,2,423
516,4,3,0,2,417
524,3,3,0,1,249
532,4,3,0,2,417
540,4,3,0,2,417
548,3,4,0,2,358
556,3,3,0,2,406
564,3,3,0,2,406
572,4,3,0,2,363
580,5,3,0,2,428
588,5,3,0,2,428
596,5,3,0,2,374
604,4,3,0,2,268
612,3,4,0,2,358
620,5,3,0,2,374
628,4,3,0,2,354
636,4,3,0,1,260
644,4,4,0,2,429
652,4,4,0,2,369
660,5,3,0,2,428
668,4,3,0,2,417
676,5,3,0,1,271
684,7,3,0,2,450
692,3,3,0,2,406
700,4,3,0,2,363
708,7,3,0,2,450
716,6,3,0,2,439
724,7,3,0,2,450
732,5,3,0,2,368
740,5,3,0,2,279
748,4,3,0,2,268
756,4,3,0,2,265
764,3,3,0,2,251
772,3,4,0,2,364
780,3,3,0,2,352
788,3,3,0,2,346
796,3,4,0,2,352
804,4,3,0,2,268
812,4,3,0,2,268
820,5,3,0,2,276
828,3,2,0,2,248
836,3,3,0,2,251
844,3,2,0,2,248
852,3,4,0,1,255
860,3,3,0,1,249
868,3,4,0,1,252
876,3,4,0,2,358
884,4,3,0,2,417
892,4,3,0,2,417
900,4,3,0,2,417
908,2,3,0,2,246
916,4,4,0,2,429
924,4,3,0,2,417
932,5,3,0,2,428
940,4,3,0,2,417
948,4,3,0,2,363
956,7,3,0,2,450
964,3,4,0,2,358
972,5,3,0,2,374
980,3,3,0,2,352
988,3,3,0,2,346
996,2,3,0,2,240
1004,4,3,0,1,260
1012,5,4,0,2,440
1020,4,4,0,2,423
1028,6,3,0,2,439
1036,5,3,0,2,428
1044,6,3,0,2,439
1052,4,3,0,2,265
1060,5,3,0,2,428
1068,6,4,0,2,445
1076,5,3,0,2,428
1084,5,3,0,2,428
1092,6,3,0,2,385
1100,4,3,0,2,363
1108,5,3,0,2,368
1116,4,3,0,2,265
1124,5,3,0,2,273
1132,3,4,0,1,252
1140,5,3,0,1,271
1148,5,4,0,2,440
1156,5,3,0,2,428
1164,4,3,0,2,417
1172,4,3,0,2,363
1180,7,3,0,2,450
1188,4,4,0,2,423
1196,6,3,0,2,439
1204,6,3,0,2,439
1212,5,3,0,1,271
1220,6,3,0,2,439
1228,5,3,0,2,279
1236,4,3,0,2,265
1244,5,3,0,2,273
1252,5,3,0,2,374
1260,5,3,0,2,368
1268,5,3,0,1,271
1276,5,4,0,2,434
1284,5,3,0,2,428
1292,4,3,0,2,417
1300,5,3,0,2,374
1308,8,3,0,2,461
1316,5,3,0,2,428
1324,5,3,0,2,428
1332,6,3,0,2,385
1340,8,3,0,2,461
1348,8,3,0,2,461
1356,4,3,0,2,268
1364,7,3,0,2,301
1372,6,3,0,2,290
1380,6,3,0,2,287
1388,2,3,0,1,232
1396,5,4,0,2,380
1404,4,3,0,2,363
1412,5,3,0,2,368
1420,4,3,0,2,268
1428,4,3,0,2,268
1436,7,3,0,2,301
1444,4,3,0,2,262
1452,3,3,0,2,251
1460,5,3,0,2,267
1468,2,3,0,1,232
1476,4,4,0,2,369
1484,2,3,0,2,246
1492,5,3,0,2,279
1500,3,3,0,2,352
1508,4,3,0,2,357
1516,5,3,0,2,279
1524,3,3,0,2,346
1532,4,3,0,2,262
1540,4,3,0,2,262
1548,5,2,0,2,264
1556,4,4,0,2,369
1564,4,3,0,2,357
1572,5,3,0,2,279
1580,4,3,0,2,363
1588,4,3,0,2,268
1596,7,3,0,2,301
1604,5,3,0,2,368
1612,5,3,0,2,270
1620,4,3,0,2,259
1628,2,2,0,1,229
1636,4,3,0,2,354
1644,4,3,0,2,259
1652,4,3,0,2,265
1660,5,3,0,2,267
1668,5,3,0,2,267
1676,4,2,0,2,256
1684,2,3,0,1,232
1692,3,4,0,2,352
1700,3,3,0,2,352
1708,4,3,0,2,265
1716,4,3,0,2,363
1724,4,4,0,2,369
1732,6,3,0,2,290
1740,3,3,0,2,251
1748,3,3,0,2,346
1756,3,2,0,2,248
1764,2,2,0,2,234
1772,4,4,0,2,369
1780,3,3,0,2,352
1788,6,3,0,2,290
1796,5,3,0,2,374
1804,5,3,0,2,374
1812,6,3,0,2,287
1820,5,3,0,2,273
1828,4,3,0,2,351
1836,5,3,0,2,267
1844,3,3,0,1,240
1852,3,3,0,2,346
1860,4,2,0,2,256
1868,5,3,0,2,368
1876,3,2,0,2,248
1884,4,2,0,2,348
1892,5,2,0,2,264
1900,4,4,0,2,363
1908,4,3,0,2,265
1916,4,3,0,2,265
1924,6,3,0,2,284
1932,5,3,0,2,267
1940,5,3,0,2,270
1948,3,2,0,2,242
1956,5,3,0,2,362
1964,6,3,0,2,281
1972,5,2,0,2,264
1980,6,3,0,2,278
1988,1,1,1,1,215
1996,3,3,0,2,251
2004,3,2,0,2,242
2012,2,3,1,1,238
2020,3,3,0,2,406
2028,3,4,0,1,252
2036,3,3,0,2,406
2044,3,4,0,1,252
2052,4,3,0,2,417
2060,5,3,0,2,428
2068,3,3,0,2,352
2076,3,3,0,2,406
2084,5,3,0,2,428
2092,4,3,0,2,417
2100,4,3,0,2,417
2108,4,3,0,2,417
2116,5,3,0,2,279
2124,3,3,0,2,352
2132,4,3,0,2,357
2140,4,3,0,2,363
2148,4,3,0,2,357
2156,2,3,1,1,238
2164,4,3,0,2,417
2172,4,3,0,1,260
2180,5,3,0,2,428
2188,4,3,0,2,417
2196,5,3,0,1,271
2204,7,3,0,2,450
2212,3,3,0,1,249
2220,5,3,0,2,428
2228,6,3,0,2,439
2236,5,3,0,2,428
2244,6,3,0,2,439
2252,4,3,0,2,363
2260,4,3,0,2,363
2268,4,3,0,2,357
2276,4,3,0,2,268
2284,4,3,0,2,265
2292,3,3,0,1,249
2300,4,3,0,2,417
2308,4,3,0,2,417
2316,4,4,0,1,263
2324,5,4,0,2,434
2332,6,4,0,2,445
2340,3,3,0,1,243
2348,4,3,0,2,417
2356,4,3,0,2,268
2364,7,3,0,2,450
2372,6,4,0,2,445
2380,7,3,0,2,450
2388,5,3,0,2,374
2396,4,3,0,2,268
2404,3,3,0,1,243
2412,5,3,0,2,374
2420,5,3,0,2,365
2428,4,3,0,2,417
2436,5,3,0,1,271
2444,7,3,0,2,450
2452,5,3,0,2,428
2460,7,4,0,2,456
2468,4,3,0,1,254
2476,5,3,0,2,428
2484,6,3,0,2,439
2492,5,3,0,2,428
2500,6,3,0,2,290
2508,9,3,0,2,472
2516,5,3,0,2,279
2524,6,3,0,2,287
2532,5,3,0,2,276
2540,6,3,0,2,284
2548,3,4,0,2,358
2556,4,3,0,2,363
2564,4,3,0,2,357
2572,4,4,0,2,363
2580,5,3,0,2,279
2588,5,3,0,2,279
2596,6,3,0,2,287
2604,4,3,0,2,259
2612,4,3,0,2,262
2620,4,3,0,2,259
2628,4,4,0,2,429
2636,4,3,0,2,417
2644,5,3,0,2,428
2652,4,3,0,2,417
2660,4,3,0,2,268
2668,7,3,0,2,450
2676,4,4,0,1,263
2684,5,4,0,2,434
2692,5,3,0,1,271
2700,4,3,0,1,260
2708,6,3,0,2,439
2716,7,3,0,2,450
2724,5,3,0,2,276
2732,5,3,0,2,374
2740,4,4,0,2,369
2748,6,3,0,2,385
2756,5,3,0,2,365
2764,5,3,0,2,428
2772,5,3,0,2,428
2780,5,3,0,2,279
2788,7,3,0,2,450
2796,7,3,0,2,450
2804,4,3,0,1,260
2812,6,3,0,2,439
2820,7,3,0,2,450
2828,6,3,0,2,439
2836,7,3,0,2,450
2844,5,3,0,2,279
2852,5,3,0,2,374
2860,5,3,0,2,368
2868,5,3,0,2,279
2876,5,3,0,2,276
2884,4,3,0,2,417
2892,4,3,0,2,268
2900,7,3,0,2,450
2908,6,4,0,2,445
2916,7,3,0,2,450
2924,5,3,0,2,279
2932,5,3,0,1,271
2940,6,3,0,2,439
2948,6,4,0,2,445
2956,8,3,0,2,461
2964,8,3,0,2,461
2972,4,3,0,2,268
2980,7,3,0,2,301
2988,5,3,0,2,374
2996,5,3,0,2,368
3004,4,3,0,2,262
3012,7,3,0,2,450
3020,7,3,0,2,450
3028,7,3,0,2,450
3036,7,3,0,2,450
3044,7,3,0,2,301
3052,7,3,0,2,450
3060,8,3,0,2,461
3068,7,3,0,2,450
3076,9,3,0,2,472
3084,7,3,0,2,301
3092,6,3,0,2,290
3100,5,3,0,2,279
3108,8,3,0,3,719
3116,7,3,0,3,648
3124,4,3,0,2,363
3132,6,3,0,2,385
3140,5,3,0,2,368
3148,5,3,0,2,276
3156,6,3,0,2,290
3164,5,3,0,2,276
3172,5,3,0,2,273
3180,5,3,0,2,270
3188,6,3,0,3,580
3196,4,3,0,2,363
3204,3,3,0,2,257
3212,6,3,0,2,290
3220,4,3,0,2,363
3228,5,3,0,2,368
3236,6,3,0,2,290
3244,4,3,0,2,357
3252,5,3,0,2,273
3260,5,3,0,2,273
3268,6,3,0,2,275
3276,5,3,0,2,374
3284,5,3,0,2,276
3292,5,3,0,2,270
3300,6,3,0,2,385
3308,6,3,0,2,290
3316,4,3,0,2,357
3324,7,3,0,3,654
3332,5,3,0,2,273
3340,6,3,0,3,580
3348,5,3,0,2,365
3356,5,3,0,2,270
3364,5,3,0,2,276
3372,6,3,0,3,580
3380,6,3,0,3,580
3388,5,3,0,3,473
3396,3,3,0,2,352
3404,3,3,0,1,243
3412,5,3,0,2,279
3420,4,3,0,2,363
3428,5,3,0,2,276
3436,6,3,0,2,290
3444,4,3,0,2,262
3452,4,4,0,2,363
3460,6,3,0,2,287
3468,5,3,0,2,267
3476,4,3,0,2,268
3484,6,3,0,2,385
3492,5,3,0,2,273
3500,6,3,0,2,290
3508,6,3,0,2,379
3516,6,3,0,3,586
3524,6,3,0,3,580
3532,6,3,0,2,287
3540,6,3,0,3,580
3548,5,3,0,2,276
3556,4,3,0,2,259
3564,6,3,0,2,284
3572,6,3,0,3,586
3580,4,3,0,2,351
3588,6,3,0,3,574
3596,4,3,0,2,354
3604,6,3,0,2,287
3612,6,3,0,2,287
3620,5,3,0,3,479
3628,5,3,0,3,473
3636,5,3,0,3,473
3644,4,3,0,2,354
3652,5,3,0,2,267
3660,7,3,0,3,648
3668,6,3,0,3,481
3676,6,3,0,3,574
3684,4,3,0,2,262
3692,4,3,0,3,412
3700,1,2,1,1,221
3708,3,3,0,2,352
3716,3,4,0,2,358
3724,3,3,0,2,251
3732,3,4,0,2,358
3740,5,3,0,2,279
3748,5,3,0,2,279
3756,2,2,0,1,229
3764,4,3,0,2,265
3772,3,3,0,2,251
3780,4,2,0,2,256
3788,3,3,0,2,352
3796,4,3,0,1,254
3804,6,3,0,2,290
3812,3,3,0,2,352
3820,4,3,0,2,262
3828,7,3,0,2,301
3836,4,3,0,2,357
3844,5,3,0,2,270
3852,4,3,0,2,259
3860,6,3,0,2,275
3868,3,3,0,1,240
3876,4,3,0,2,354
3884,4,3,0,2,259
3892,5,3,0,2,273
3900,5,3,0,2,267
3908,5,3,0,2,267
3916,3,4,0,2,358
3924,5,3,0,2,279
3932,5,3,0,2,279
3940,3,3,0,1,243
3948,5,3,0,2,279
3956,6,3,0,2,290
3964,5,3,0,2,270
3972,5,3,0,2,368
3980,4,3,0,2,262
3988,5,3,0,2,270
3996,5,3,0,2,374
4004,5,3,0,2,374
4012,5,3,0,2,368
4020,5,3,0,2,279
4028,7,3,0,2,396
4036,6,3,0,2,287
4044,5,3,0,2,368
4052,4,3,0,2,262
4060,5,3,0,2,270
4068,4,3,0,2,265
4076,4,3,0,2,354
4084,6,3,0,2,287
4092,6,3,0,2,376
4100,6,3,0,3,589
4108,5,3,0,2,267
4116,2,2,0,1,229
4124,4,3,0,2,265
4132,4,3,0,2,357
4140,5,3,0,2,270
4148,5,3,0,2,273
4156,5,3,0,2,270
4164,5,3,0,2,267
4172,5,3,0,2,276
4180,5,3,0,2,273
4188,6,3,0,2,379
4196,5,3,0,2,365
4204,6,3,0,3,580
4212,6,3,0,3,481
4220,4,3,0,2,262
4228,4,3,0,2,351
4236,6,3,0,3,574
4244,6,3,0,3,577
4252,6,2,0,3,383
4260,3,3,0,2,251
4268,3,3,0,2,251
4276,6,3,0,3,592
4284,4,3,0,2,259
4292,5,3,0,3,572
4300,5,2,0,3,375
4308,5,3,0,2,267
4316,6,3,0,3,586
4324,6,3,0,3,481
4332,6,2,0,3,475
4340,4,2,0,2,256
4348,5,3,0,2,267
4356,5,2,0,2,264
4364,5,2,0,3,560
4372,4,2,0,3,261
4380,6,3,0,2,275
4388,7,3,0,3,489
4396,7,2,0,3,483
4404,4,3,0,3,412
4412,5,2,0,3,269
4420,2,3,0,2,246
4428,2,3,0,1,232
4436,4,3,0,2,268
4444,3,2,0,2,248
4452,4,3,0,2,363
4460,4,3,0,2,363
4468,5,3,0,2,276
4476,4,3,0,2,259
4484,3,3,0,2,346
4492,3,2,0,2,248
4500,3,4,0,2,358
4508,3,3,0,2,251
4516,5,3,0,2,374
4524,5,3,0,2,276
4532,5,3,0,2,279
4540,6,3,0,2,385
4548,5,3,0,2,270
4556,5,3,0,2,267
4564,5,3,0,2,276
4572,5,3,0,2,267
4580,4,3,0,2,265
4588,3,2,0,1,237
4596,4,3,0,2,357
4604,4,3,0,2,354
4612,4,2,0,2,256
4620,5,3,0,2,267
4628,3,2,0,2,242
4636,4,3,0,2,363
4644,4,3,0,2,363
4652,5,3,0,2,276
4660,5,4,0,2,380
4668,6,3,0,2,290
4676,5,3,0,2,368
4684,4,3,0,2,259
4692,4,3,0,2,259
4700,5,3,0,2,267
4708,4,3,0,2,363
4716,4,3,0,2,363
4724,5,3,0,2,273
4732,5,3,0,2,279
4740,6,3,0,2,385
4748,5,3,0,2,368
4756,6,3,0,3,592
4764,6,3,0,2,287
4772,6,3,0,3,589
4780,3,3,0,2,346
4788,6,3,0,2,287
4796,5,3,0,2,276
4804,6,3,0,3,586
4812,5,3,0,3,473
4820,6,3,0,3,589
4828,7,3,0,3,489
4836,4,3,0,2,262
4844,4,3,0,2,262
4852,5,3,0,3,572
4860,4,2,0,3,551
4868,5,3,0,3,479
4876,6,2,0,3,383
4884,4,2,0,2,256
4892,6,3,0,3,580
4900,6,3,0,3,481
4908,5,2,0,3,467
4916,3,3,0,2,254
4924,3,2,0,2,340
4932,4,3,0,2,259
4940,5,3,0,2,267
4948,4,3,0,2,354
4956,5,3,0,2,267
4964,6,2,0,2,272
4972,5,3,0,2,368
4980,5,3,0,2,368
4988,6,3,0,3,586
4996,6,3,0,3,481
5004,6,3,0,2,284
5012,6,3,0,3,481
5020,5,3,0,2,273
5028,5,3,0,2,362
5036,5,2,0,3,375
5044,5,2,0,2,356
5052,3,2,0,2,248
5060,4,3,0,2,259
5068,4,2,0,2,256
5076,5,3,0,2,267
5084,6,2,0,3,383
5092,6,2,0,2,272
5100,6,2,0,3,475
5108,7,2,0,3,483
5116,3,2,0,2,242
5124,4,2,0,3,400
5132,3,3,0,2,254
5140,4,4,0,2,360
5148,5,3,0,2,276
5156,5,3,0,2,365
5164,4,2,0,2,256
5172,4,2,0,2,348
5180,3,2,0,2,242
5188,5,4,0,2,368
5196,6,3,0,2,284
5204,5,3,0,2,267
5212,5,2,0,2,356
5220,3,3,0,2,346
5228,4,3,0,2,259
5236,5,3,0,2,276
5244,6,3,0,2,284
5252,5,3,0,3,473
5260,5,3,0,3,473
5268,7,3,0,3,489
5276,6,3,0,2,281
5284,6,3,0,3,487
5292,6,3,0,3,481
5300,7,3,0,3,591
5308,4,3,0,2,259
5316,5,3,0,2,270
5324,5,3,0,2,267
5332,5,3,0,3,473
5340,7,2,0,3,391
5348,5,3,0,2,267
5356,6,2,0,3,475
5364,6,2,0,3,475
5372,5,3,0,2,273
5380,6,3,0,3,589
5388,5,2,0,3,467
5396,6,3,0,3,577
5404,4,2,0,2,348
5412,6,3,0,3,481
5420,5,2,0,2,356
5428,7,2,0,3,483
5436,5,3,0,2,267
5444,6,2,0,3,475
5452,7,3,0,3,489
5460,7,2,0,2,280
5468,8,2,0,3,399
5476,9,2,0,3,407
5484,4,2,0,3,400
5492,2,3,0,2,240
5500,2,2,0,2,234
5508,2,1,1,2,228
5516,4,3,0,2,262
5524,4,3,0,3,406
5532,4,3,0,3,412
5540,5,2,0,3,269
5548,3,2,0,3,253
5556,3,2,0,2,242
5564,5,2,0,3,269
5572,3,1,1,3,241
5580,3,3,0,2,257
5588,3,4,0,2,358
5596,5,3,0,2,279
5604,4,4,0,2,369
5612,5,3,0,2,279
5620,3,3,0,2,251
5628,3,2,0,2,248
5636,4,2,0,2,256
5644,4,3,0,2,265
5652,4,3,0,2,262
5660,3,3,0,1,243
5668,3,3,0,1,243
5676,5,3,0,2,374
5684,5,3,0,2,279
5692,5,3,0,2,374
5700,5,3,0,2,273
5708,4,3,0,2,357
5716,3,3,0,2,346
5724,6,3,0,2,287
5732,5,3,0,2,267
5740,3,3,0,1,243
5748,4,3,0,2,363
5756,4,4,0,2,369
5764,6,3,0,2,290
5772,6,3,0,2,385
5780,3,3,0,2,346
5788,6,3,0,2,287
5796,4,3,0,2,357
5804,4,3,0,2,259
5812,3,3,0,2,245
5820,6,3,0,2,290
5828,6,3,0,2,385
5836,6,3,0,2,290
5844,6,3,0,2,385
5852,6,3,0,3,592
5860,6,3,0,2,287
5868,5,3,0,2,276
5876,6,3,0,3,586
5884,7,3,0,3,588
5892,4,3,0,2,262
5900,4,3,0,2,259
5908,4,3,0,2,259
5916,5,3,0,3,473
5924,5,3,0,3,479
5932,6,2,0,3,383
5940,3,3,0,1,240
5948,4,3,0,2,357
5956,3,2,0,2,248
5964,4,2,0,2,256
5972,5,2,0,2,264
5980,5,2,0,2,264
5988,4,3,0,2,265
5996,5,3,0,2,270
6004,6,3,0,2,379
6012,5,3,0,2,365
6020,5,3,0,2,267
6028,6,3,0,3,580
6036,4,3,0,3,406
6044,5,3,0,2,270
6052,4,2,0,2,256
6060,6,2,0,3,475
6068,6,2,0,3,475
6076,4,3,0,2,265
6084,4,4,0,2,363
6092,6,3,0,2,287
6100,4,3,0,2,351
6108,4,3,0,2,354
6116,4,2,0,2,256
6124,3,2,0,2,242
6132,5,3,0,2,368
6140,5,3,0,2,368
6148,4,3,0,2,351
6156,4,3,0,2,354
6164,7,3,0,3,648
6172,6,3,0,3,481
6180,5,3,0,2,267
6188,5,3,0,3,473
6196,4,2,0,2,256
6204,6,2,0,3,475
6212,4,2,0,2,256
6220,6,3,0,3,589
6228,6,3,0,3,583
6236,6,3,0,3,583
6244,7,2,0,3,391
6252,6,3,0,3,580
6260,6,2,0,3,383
6268,6,2,0,3,568
6276,4,3,0,3,412
6284,4,2,0,3,400
6292,4,3,0,2,265
6300,4,3,0,2,357
6308,4,3,0,2,259
6316,5,3,0,2,273
6324,5,3,0,2,267
6332,5,3,0,2,267
6340,3,3,0,2,346
6348,4,3,0,2,259
6356,7,3,0,3,654
6364,5,3,0,2,273
6372,6,3,0,3,487
6380,5,3,0,3,473
6388,7,3,0,3,489
6396,5,3,0,2,270
6404,5,2,0,3,467
6412,6,3,0,3,574
6420,5,2,0,3,467
6428,4,3,0,2,354
6436,4,2,0,2,256
6444,5,2,0,2,264
6452,6,2,0,2,272
6460,6,2,0,2,272
6468,5,3,0,2,267
6476,6,3,0,3,481
6484,7,3,0,2,384
6492,6,3,0,3,481
6500,5,3,0,3,414
6508,6,3,0,3,574
6516,6,2,0,2,272
6524,7,2,0,3,391
6532,4,2,0,2,256
6540,5,2,0,3,375
6548,6,2,0,3,383
6556,6,2,0,3,383
6564,5,3,0,2,267
6572,5,2,0,2,264
6580,6,2,0,3,475
6588,5,2,0,3,269
6596,6,2,0,3,383
6604,7,2,0,3,391
6612,7,2,0,3,483
6620,6,2,0,3,475
6628,6,2,0,3,568
6636,6,2,0,3,277
6644,5,2,0,3,269
6652,4,3,0,2,265
6660,4,3,0,2,265
6668,3,2,0,2,248
6676,5,3,0,2,273
6684,4,3,0,2,354
6692,4,2,0,2,256
6700,3,2,0,2,242
6708,6,3,0,2,287
6716,6,3,0,2,379
6724,4,3,0,2,351
6732,4,3,0,2,354
6740,7,3,0,3,648
6748,6,3,0,3,574
6756,4,3,0,2,259
6764,6,3,0,3,580
6772,4,2,0,2,256
6780,6,2,0,3,475
6788,4,3,0,2,351
6796,4,2,0,2,256
6804,5,2,0,2,264
6812,6,3,0,3,481
6820,4,2,0,3,400
6828,6,3,0,3,481
6836,5,2,0,2,264
6844,7,2,0,3,483
6852,4,2,0,2,256
6860,5,2,0,2,264
6868,5,3,0,2,270
6876,6,3,0,2,275
6884,7,2,0,2,280
6892,6,3,0,2,284
6900,6,3,0,3,583
6908,6,3,0,2,275
6916,7,3,0,3,489
6924,5,3,0,2,267
6932,5,2,0,3,467
6940,7,3,0,3,588
6948,8,2,0,3,399
6956,5,2,0,3,467
6964,6,3,0,2,278
6972,7,3,0,3,585
6980,7,3,0,3,489
6988,7,2,0,2,280
6996,9,2,0,3,407
7004,5,3,0,3,414
7012,5,3,0,2,273
7020,5,3,0,2,267
7028,5,2,0,2,264
7036,5,2,0,2,264
7044,4,2,0,3,400
7052,6,3,0,2,275
7060,7,2,0,3,391
7068,7,2,0,3,391
7076,5,2,0,3,375
7084,6,2,0,3,383
7092,7,2,0,3,391
7100,6,3,0,3,574
7108,7,2,0,2,280
7116,8,2,0,3,399
7124,5,2,0,3,375
7132,7,2,0,3,391
7140,7,2,0,3,391
7148,6,3,0,3,574
7156,8,2,0,3,399
7164,8,2,0,3,399
7172,7,2,0,3,391
7180,7,2,0,3,391
7188,6,2,0,3,416
7196,9,2,0,3,407
7204,10,2,0,4,1004
7212,6,2,0,3,416
7220,3,2,0,2,242
7228,3,2,1,3,247
7236,5,2,0,3,269
7244,5,2,0,3,269
7252,5,2,0,3,269
7260,3,2,1,3,247
7268,2,3,0,2,240
7276,2,2,0,2,234
7284,2,1,1,2,228
7292,4,3,0,2,262
7300,4,3,0,3,406
7308,4,3,0,3,412
7316,5,2,0,3,269
7324,3,2,0,3,253
7332,3,2,0,2,242
7340,5,2,0,3,269
7348,3,1,1,3,241
7356,4,2,0,3,261
7364,4,3,0,3,406
7372,6,2,0,3,277
7380,5,3,0,3,414
7388,6,2,0,3,277
7396,4,2,0,3,255
7404,3,1,1,3,241
7412,4,1,1,4,254
7420,3,3,0,2,251
7428,3,3,0,2,245
7436,4,3,0,2,262
7444,4,3,0,3,412
7452,2,2,1,2,234
7460,4,2,0,3,400
7468,3,2,0,2,242
7476,4,2,0,3,400
7484,4,2,0,3,261
7492,3,3,0,3,253
7500,4,3,0,3,412
7508,4,2,0,3,400
7516,5,2,0,3,269
7524,4,2,0,3,261
7532,4,2,0,3,255
7540,7,2,0,4,628
7548,3,3,0,3,253
7556,5,2,0,4,460
7564,3,2,0,3,247
7572,3,1,1,3,241
