family,seed,updates,frontier_edges,maximum_edge_width,full_log,greedy,optimum,interval,decision_nodes,forced_reductions,proof_nodes,certificate_bytes
shared,-1,8,7,3,8,1,1,,2,0,1,293
shared,-1,12,11,3,12,1,1,,2,0,1,342
shared,-1,16,15,3,16,1,1,,2,0,1,394
shared,-1,20,19,3,20,1,1,,2,0,1,446
shared,-1,24,23,3,24,1,1,,2,0,1,498
disjoint,-1,6,2,3,6,2,2,2,3,0,1,252
disjoint,-1,9,3,3,9,3,3,3,4,0,1,277
disjoint,-1,12,4,3,12,4,4,4,5,0,1,307
disjoint,-1,15,5,3,15,5,5,5,6,0,1,339
disjoint,-1,18,6,3,18,6,6,6,7,0,1,371
disjoint,-1,21,7,3,21,7,7,7,8,0,1,403
disjoint,-1,24,8,3,24,8,8,8,9,0,1,435
interval,-1,16,6,6,16,4,4,4,4,1,1,367
interval,-1,24,8,6,24,5,5,5,6,0,1,433
interval,-1,32,10,6,32,7,7,7,8,0,1,525
interval,-1,48,14,6,48,10,10,10,11,0,1,685
interval,-1,64,21,6,64,14,14,14,14,1,1,904
complete-3,-1,8,56,3,8,6,6,,191,0,364,19485
complete-3,-1,10,120,3,10,8,8,,527,0,3280,169885
complete-3,-1,12,220,3,12,10,10,,1187,0,29524,1564223
complete-3,-1,14,364,3,14,12,12,,2331,0,265720,14399335
random,0,12,11,4,12,4,4,,12,0,7,670
random,1,12,15,4,12,5,5,,17,0,11,983
random,2,12,17,5,12,5,5,,20,0,13,1153
random,3,12,14,4,12,5,5,,10,0,3,533
random,4,12,9,4,12,4,4,,8,0,3,459
random,5,12,14,5,12,5,5,,11,0,5,643
random,6,12,14,5,12,6,5,,11,0,5,653
random,7,12,19,5,12,6,6,,38,0,33,2210
random,8,12,15,5,12,6,5,,7,0,1,453
random,9,12,15,5,12,5,4,,12,0,7,737
random,10,12,15,4,12,5,5,,22,0,13,1096
random,11,12,12,4,12,5,5,,11,0,5,630
random,12,12,17,5,12,4,4,,5,0,1,455
random,13,12,18,4,12,6,5,,21,0,15,1252
random,14,12,17,5,12,5,5,,11,0,5,700
random,15,12,19,5,12,4,4,,5,0,1,472
random,16,12,15,4,12,5,5,,9,0,3,530
random,17,12,13,5,12,5,5,,13,0,7,741
random,18,12,18,5,12,5,5,,13,0,7,830
random,19,12,14,5,12,4,4,,8,0,3,524
random,0,16,24,5,16,6,6,,18,0,11,1189
random,1,16,22,5,16,5,5,,9,0,3,682
random,2,16,24,5,16,7,7,,65,0,53,3529
random,3,16,25,5,16,7,6,,13,0,5,818
random,4,16,26,5,16,6,6,,65,0,26,2169
random,5,16,21,4,16,7,7,,38,0,23,1839
random,6,16,24,5,16,8,7,,119,0,47,3213
random,7,16,23,5,16,8,7,,20,0,11,1216
random,8,16,22,5,16,6,6,,19,0,12,1190
random,9,16,25,5,16,8,7,,9,0,1,591
random,10,16,21,5,16,6,6,,7,0,1,552
random,11,16,23,5,16,7,7,,104,0,72,4686
random,12,16,22,4,16,8,7,,89,0,23,1802
random,13,16,24,5,16,7,6,,17,0,9,1094
random,14,16,22,5,16,6,6,,21,0,1,557
random,15,16,25,5,16,6,6,,34,0,20,1758
random,16,16,21,5,16,6,6,,12,0,5,825
random,17,16,22,5,16,6,5,,13,0,5,809
random,18,16,22,5,16,7,6,,8,0,1,558
random,19,16,22,5,16,7,6,,16,0,3,667
random,0,20,28,5,20,8,8,,43,0,37,2964
random,1,20,31,5,20,9,8,,14,0,5,1020
random,2,20,28,5,20,8,7,,38,0,12,1370
random,3,20,29,5,20,7,7,,61,0,50,3736
random,4,20,33,5,20,9,8,,71,0,41,3260
random,5,20,36,5,20,7,7,,46,0,35,2931
random,6,20,26,5,20,8,8,,37,0,25,2196
random,7,20,30,5,20,9,8,,81,0,41,3264
random,8,20,28,5,20,8,8,,29,0,19,1874
random,9,20,32,5,20,7,7,,44,0,31,2778
random,10,20,31,5,20,8,8,,35,0,23,2186
random,11,20,34,5,20,8,7,,17,0,9,1295
random,12,20,31,5,20,8,8,,26,0,17,1804
random,13,20,33,5,20,7,7,,19,0,11,1359
random,14,20,32,5,20,9,8,,61,0,42,3297
random,15,20,32,5,20,8,8,,69,0,53,4074
random,16,20,29,5,20,9,7,,39,0,25,2191
random,17,20,32,5,20,8,8,,59,0,43,3383
random,18,20,31,5,20,10,9,,51,0,46,3491
random,19,20,29,5,20,8,8,,105,0,70,4834
random,0,24,42,5,24,9,9,,83,0,73,5715
random,1,24,41,5,24,10,10,,37,0,21,2323
random,2,24,38,5,24,10,10,,297,0,267,18095
random,3,24,40,5,24,11,10,,149,0,143,10153
random,4,24,36,5,24,10,10,,203,0,140,10014
random,5,24,39,5,24,8,8,,39,0,30,2833
random,6,24,36,5,24,11,10,,230,0,209,14090
random,7,24,40,5,24,10,9,,59,0,19,2182
random,8,24,34,5,24,10,9,,25,0,15,1833
random,9,24,41,5,24,9,9,,105,0,132,10196
random,10,24,39,5,24,10,9,,54,0,45,3743
random,11,24,35,5,24,10,9,,51,0,33,3021
random,12,24,42,5,24,10,10,,123,0,167,11793
random,13,24,39,5,24,10,10,,233,0,53,4649
random,14,24,33,5,24,9,9,,46,0,31,2988
random,15,24,43,5,24,9,9,,50,0,7,1376
random,16,24,41,5,24,9,9,,73,0,63,5273
random,17,24,35,5,24,9,9,,51,0,44,3582
random,18,24,36,5,24,10,10,,59,0,39,3590
random,19,24,38,5,24,11,9,,91,0,19,2022
