reference,schedule,position,belief_mask,safe_prefix,undo_sequence,restored,concrete_runs
0,set-x-0,0,1,1,set-x-0,1,1
0,set-x-1,0,5,0,set-x-0,not-applicable,0
0,set-y-0,0,1,1,set-y-0,1,1
0,set-y-1,0,3,1,set-y-0,1,2
0,set-x-0:set-x-0,0,1,1,set-x-0,1,1
0,set-x-0:set-x-0,1,1,1,set-x-0:set-x-0,1,1
0,set-x-0:set-x-1,0,1,1,set-x-0,1,1
0,set-x-0:set-x-1,1,5,0,set-x-0:set-x-0,not-applicable,0
0,set-x-0:set-y-0,0,1,1,set-x-0,1,1
0,set-x-0:set-y-0,1,1,1,set-y-0:set-x-0,1,1
0,set-x-0:set-y-1,0,1,1,set-x-0,1,1
0,set-x-0:set-y-1,1,3,1,set-y-0:set-x-0,1,2
0,set-x-1:set-x-0,0,5,0,set-x-0,not-applicable,0
0,set-x-1:set-x-0,1,5,0,set-x-1:set-x-0,not-applicable,0
0,set-x-1:set-x-1,0,5,0,set-x-0,not-applicable,0
0,set-x-1:set-x-1,1,4,0,set-x-1:set-x-0,not-applicable,0
0,set-x-1:set-y-0,0,5,0,set-x-0,not-applicable,0
0,set-x-1:set-y-0,1,4,0,set-y-0:set-x-0,not-applicable,0
0,set-x-1:set-y-1,0,5,0,set-x-0,not-applicable,0
0,set-x-1:set-y-1,1,12,0,set-y-0:set-x-0,not-applicable,0
0,set-y-0:set-x-0,0,1,1,set-y-0,1,1
0,set-y-0:set-x-0,1,1,1,set-x-0:set-y-0,1,1
0,set-y-0:set-x-1,0,1,1,set-y-0,1,1
0,set-y-0:set-x-1,1,5,0,set-x-0:set-y-0,not-applicable,0
0,set-y-0:set-y-0,0,1,1,set-y-0,1,1
0,set-y-0:set-y-0,1,1,1,set-y-0:set-y-0,1,1
0,set-y-0:set-y-1,0,1,1,set-y-0,1,1
0,set-y-0:set-y-1,1,3,1,set-y-0:set-y-0,1,2
0,set-y-1:set-x-0,0,3,1,set-y-0,1,2
0,set-y-1:set-x-0,1,2,1,set-x-0:set-y-0,1,1
0,set-y-1:set-x-1,0,3,1,set-y-0,1,2
0,set-y-1:set-x-1,1,10,1,set-x-0:set-y-0,1,2
0,set-y-1:set-y-0,0,3,1,set-y-0,1,2
0,set-y-1:set-y-0,1,3,1,set-y-1:set-y-0,1,2
0,set-y-1:set-y-1,0,3,1,set-y-0,1,2
0,set-y-1:set-y-1,1,2,1,set-y-1:set-y-0,1,1
0,set-x-0:set-x-0:set-x-0,0,1,1,set-x-0,1,1
0,set-x-0:set-x-0:set-x-0,1,1,1,set-x-0:set-x-0,1,1
0,set-x-0:set-x-0:set-x-0,2,1,1,set-x-0:set-x-0:set-x-0,1,1
0,set-x-0:set-x-0:set-x-1,0,1,1,set-x-0,1,1
0,set-x-0:set-x-0:set-x-1,1,1,1,set-x-0:set-x-0,1,1
0,set-x-0:set-x-0:set-x-1,2,5,0,set-x-0:set-x-0:set-x-0,not-applicable,0
0,set-x-0:set-x-0:set-y-0,0,1,1,set-x-0,1,1
0,set-x-0:set-x-0:set-y-0,1,1,1,set-x-0:set-x-0,1,1
0,set-x-0:set-x-0:set-y-0,2,1,1,set-y-0:set-x-0:set-x-0,1,1
0,set-x-0:set-x-0:set-y-1,0,1,1,set-x-0,1,1
0,set-x-0:set-x-0:set-y-1,1,1,1,set-x-0:set-x-0,1,1
0,set-x-0:set-x-0:set-y-1,2,3,1,set-y-0:set-x-0:set-x-0,1,2
0,set-x-0:set-x-1:set-x-0,0,1,1,set-x-0,1,1
0,set-x-0:set-x-1:set-x-0,1,5,0,set-x-0:set-x-0,not-applicable,0
0,set-x-0:set-x-1:set-x-0,2,5,0,set-x-1:set-x-0:set-x-0,not-applicable,0
0,set-x-0:set-x-1:set-x-1,0,1,1,set-x-0,1,1
0,set-x-0:set-x-1:set-x-1,1,5,0,set-x-0:set-x-0,not-applicable,0
0,set-x-0:set-x-1:set-x-1,2,4,0,set-x-1:set-x-0:set-x-0,not-applicable,0
0,set-x-0:set-x-1:set-y-0,0,1,1,set-x-0,1,1
0,set-x-0:set-x-1:set-y-0,1,5,0,set-x-0:set-x-0,not-applicable,0
0,set-x-0:set-x-1:set-y-0,2,4,0,set-y-0:set-x-0:set-x-0,not-applicable,0
0,set-x-0:set-x-1:set-y-1,0,1,1,set-x-0,1,1
0,set-x-0:set-x-1:set-y-1,1,5,0,set-x-0:set-x-0,not-applicable,0
0,set-x-0:set-x-1:set-y-1,2,12,0,set-y-0:set-x-0:set-x-0,not-applicable,0
0,set-x-0:set-y-0:set-x-0,0,1,1,set-x-0,1,1
0,set-x-0:set-y-0:set-x-0,1,1,1,set-y-0:set-x-0,1,1
0,set-x-0:set-y-0:set-x-0,2,1,1,set-x-0:set-y-0:set-x-0,1,1
0,set-x-0:set-y-0:set-x-1,0,1,1,set-x-0,1,1
0,set-x-0:set-y-0:set-x-1,1,1,1,set-y-0:set-x-0,1,1
0,set-x-0:set-y-0:set-x-1,2,5,0,set-x-0:set-y-0:set-x-0,not-applicable,0
0,set-x-0:set-y-0:set-y-0,0,1,1,set-x-0,1,1
0,set-x-0:set-y-0:set-y-0,1,1,1,set-y-0:set-x-0,1,1
0,set-x-0:set-y-0:set-y-0,2,1,1,set-y-0:set-y-0:set-x-0,1,1
0,set-x-0:set-y-0:set-y-1,0,1,1,set-x-0,1,1
0,set-x-0:set-y-0:set-y-1,1,1,1,set-y-0:set-x-0,1,1
0,set-x-0:set-y-0:set-y-1,2,3,1,set-y-0:set-y-0:set-x-0,1,2
0,set-x-0:set-y-1:set-x-0,0,1,1,set-x-0,1,1
0,set-x-0:set-y-1:set-x-0,1,3,1,set-y-0:set-x-0,1,2
0,set-x-0:set-y-1:set-x-0,2,2,1,set-x-0:set-y-0:set-x-0,1,1
0,set-x-0:set-y-1:set-x-1,0,1,1,set-x-0,1,1
0,set-x-0:set-y-1:set-x-1,1,3,1,set-y-0:set-x-0,1,2
0,set-x-0:set-y-1:set-x-1,2,10,1,set-x-0:set-y-0:set-x-0,1,2
0,set-x-0:set-y-1:set-y-0,0,1,1,set-x-0,1,1
0,set-x-0:set-y-1:set-y-0,1,3,1,set-y-0:set-x-0,1,2
0,set-x-0:set-y-1:set-y-0,2,3,1,set-y-1:set-y-0:set-x-0,1,2
0,set-x-0:set-y-1:set-y-1,0,1,1,set-x-0,1,1
0,set-x-0:set-y-1:set-y-1,1,3,1,set-y-0:set-x-0,1,2
0,set-x-0:set-y-1:set-y-1,2,2,1,set-y-1:set-y-0:set-x-0,1,1
0,set-x-1:set-x-0:set-x-0,0,5,0,set-x-0,not-applicable,0
0,set-x-1:set-x-0:set-x-0,1,5,0,set-x-1:set-x-0,not-applicable,0
0,set-x-1:set-x-0:set-x-0,2,1,0,set-x-0:set-x-1:set-x-0,not-applicable,0
0,set-x-1:set-x-0:set-x-1,0,5,0,set-x-0,not-applicable,0
0,set-x-1:set-x-0:set-x-1,1,5,0,set-x-1:set-x-0,not-applicable,0
0,set-x-1:set-x-0:set-x-1,2,5,0,set-x-0:set-x-1:set-x-0,not-applicable,0
0,set-x-1:set-x-0:set-y-0,0,5,0,set-x-0,not-applicable,0
0,set-x-1:set-x-0:set-y-0,1,5,0,set-x-1:set-x-0,not-applicable,0
0,set-x-1:set-x-0:set-y-0,2,1,0,set-y-0:set-x-1:set-x-0,not-applicable,0
0,set-x-1:set-x-0:set-y-1,0,5,0,set-x-0,not-applicable,0
0,set-x-1:set-x-0:set-y-1,1,5,0,set-x-1:set-x-0,not-applicable,0
0,set-x-1:set-x-0:set-y-1,2,3,0,set-y-0:set-x-1:set-x-0,not-applicable,0
0,set-x-1:set-x-1:set-x-0,0,5,0,set-x-0,not-applicable,0
0,set-x-1:set-x-1:set-x-0,1,4,0,set-x-1:set-x-0,not-applicable,0
0,set-x-1:set-x-1:set-x-0,2,5,0,set-x-1:set-x-1:set-x-0,not-applicable,0
0,set-x-1:set-x-1:set-x-1,0,5,0,set-x-0,not-applicable,0
0,set-x-1:set-x-1:set-x-1,1,4,0,set-x-1:set-x-0,not-applicable,0
0,set-x-1:set-x-1:set-x-1,2,4,0,set-x-1:set-x-1:set-x-0,not-applicable,0
0,set-x-1:set-x-1:set-y-0,0,5,0,set-x-0,not-applicable,0
0,set-x-1:set-x-1:set-y-0,1,4,0,set-x-1:set-x-0,not-applicable,0
0,set-x-1:set-x-1:set-y-0,2,4,0,set-y-0:set-x-1:set-x-0,not-applicable,0
0,set-x-1:set-x-1:set-y-1,0,5,0,set-x-0,not-applicable,0
0,set-x-1:set-x-1:set-y-1,1,4,0,set-x-1:set-x-0,not-applicable,0
0,set-x-1:set-x-1:set-y-1,2,12,0,set-y-0:set-x-1:set-x-0,not-applicable,0
0,set-x-1:set-y-0:set-x-0,0,5,0,set-x-0,not-applicable,0
0,set-x-1:set-y-0:set-x-0,1,4,0,set-y-0:set-x-0,not-applicable,0
0,set-x-1:set-y-0:set-x-0,2,5,0,set-x-1:set-y-0:set-x-0,not-applicable,0
0,set-x-1:set-y-0:set-x-1,0,5,0,set-x-0,not-applicable,0
0,set-x-1:set-y-0:set-x-1,1,4,0,set-y-0:set-x-0,not-applicable,0
0,set-x-1:set-y-0:set-x-1,2,4,0,set-x-1:set-y-0:set-x-0,not-applicable,0
0,set-x-1:set-y-0:set-y-0,0,5,0,set-x-0,not-applicable,0
0,set-x-1:set-y-0:set-y-0,1,4,0,set-y-0:set-x-0,not-applicable,0
0,set-x-1:set-y-0:set-y-0,2,4,0,set-y-0:set-y-0:set-x-0,not-applicable,0
0,set-x-1:set-y-0:set-y-1,0,5,0,set-x-0,not-applicable,0
0,set-x-1:set-y-0:set-y-1,1,4,0,set-y-0:set-x-0,not-applicable,0
0,set-x-1:set-y-0:set-y-1,2,12,0,set-y-0:set-y-0:set-x-0,not-applicable,0
0,set-x-1:set-y-1:set-x-0,0,5,0,set-x-0,not-applicable,0
0,set-x-1:set-y-1:set-x-0,1,12,0,set-y-0:set-x-0,not-applicable,0
0,set-x-1:set-y-1:set-x-0,2,10,0,set-x-1:set-y-0:set-x-0,not-applicable,0
0,set-x-1:set-y-1:set-x-1,0,5,0,set-x-0,not-applicable,0
0,set-x-1:set-y-1:set-x-1,1,12,0,set-y-0:set-x-0,not-applicable,0
0,set-x-1:set-y-1:set-x-1,2,8,0,set-x-1:set-y-0:set-x-0,not-applicable,0
0,set-x-1:set-y-1:set-y-0,0,5,0,set-x-0,not-applicable,0
0,set-x-1:set-y-1:set-y-0,1,12,0,set-y-0:set-x-0,not-applicable,0
0,set-x-1:set-y-1:set-y-0,2,12,0,set-y-1:set-y-0:set-x-0,not-applicable,0
0,set-x-1:set-y-1:set-y-1,0,5,0,set-x-0,not-applicable,0
0,set-x-1:set-y-1:set-y-1,1,12,0,set-y-0:set-x-0,not-applicable,0
0,set-x-1:set-y-1:set-y-1,2,8,0,set-y-1:set-y-0:set-x-0,not-applicable,0
0,set-y-0:set-x-0:set-x-0,0,1,1,set-y-0,1,1
0,set-y-0:set-x-0:set-x-0,1,1,1,set-x-0:set-y-0,1,1
0,set-y-0:set-x-0:set-x-0,2,1,1,set-x-0:set-x-0:set-y-0,1,1
0,set-y-0:set-x-0:set-x-1,0,1,1,set-y-0,1,1
0,set-y-0:set-x-0:set-x-1,1,1,1,set-x-0:set-y-0,1,1
0,set-y-0:set-x-0:set-x-1,2,5,0,set-x-0:set-x-0:set-y-0,not-applicable,0
0,set-y-0:set-x-0:set-y-0,0,1,1,set-y-0,1,1
0,set-y-0:set-x-0:set-y-0,1,1,1,set-x-0:set-y-0,1,1
0,set-y-0:set-x-0:set-y-0,2,1,1,set-y-0:set-x-0:set-y-0,1,1
0,set-y-0:set-x-0:set-y-1,0,1,1,set-y-0,1,1
0,set-y-0:set-x-0:set-y-1,1,1,1,set-x-0:set-y-0,1,1
0,set-y-0:set-x-0:set-y-1,2,3,1,set-y-0:set-x-0:set-y-0,1,2
0,set-y-0:set-x-1:set-x-0,0,1,1,set-y-0,1,1
0,set-y-0:set-x-1:set-x-0,1,5,0,set-x-0:set-y-0,not-applicable,0
0,set-y-0:set-x-1:set-x-0,2,5,0,set-x-1:set-x-0:set-y-0,not-applicable,0
0,set-y-0:set-x-1:set-x-1,0,1,1,set-y-0,1,1
0,set-y-0:set-x-1:set-x-1,1,5,0,set-x-0:set-y-0,not-applicable,0
0,set-y-0:set-x-1:set-x-1,2,4,0,set-x-1:set-x-0:set-y-0,not-applicable,0
0,set-y-0:set-x-1:set-y-0,0,1,1,set-y-0,1,1
0,set-y-0:set-x-1:set-y-0,1,5,0,set-x-0:set-y-0,not-applicable,0
0,set-y-0:set-x-1:set-y-0,2,4,0,set-y-0:set-x-0:set-y-0,not-applicable,0
0,set-y-0:set-x-1:set-y-1,0,1,1,set-y-0,1,1
0,set-y-0:set-x-1:set-y-1,1,5,0,set-x-0:set-y-0,not-applicable,0
0,set-y-0:set-x-1:set-y-1,2,12,0,set-y-0:set-x-0:set-y-0,not-applicable,0
0,set-y-0:set-y-0:set-x-0,0,1,1,set-y-0,1,1
0,set-y-0:set-y-0:set-x-0,1,1,1,set-y-0:set-y-0,1,1
0,set-y-0:set-y-0:set-x-0,2,1,1,set-x-0:set-y-0:set-y-0,1,1
0,set-y-0:set-y-0:set-x-1,0,1,1,set-y-0,1,1
0,set-y-0:set-y-0:set-x-1,1,1,1,set-y-0:set-y-0,1,1
0,set-y-0:set-y-0:set-x-1,2,5,0,set-x-0:set-y-0:set-y-0,not-applicable,0
0,set-y-0:set-y-0:set-y-0,0,1,1,set-y-0,1,1
0,set-y-0:set-y-0:set-y-0,1,1,1,set-y-0:set-y-0,1,1
0,set-y-0:set-y-0:set-y-0,2,1,1,set-y-0:set-y-0:set-y-0,1,1
0,set-y-0:set-y-0:set-y-1,0,1,1,set-y-0,1,1
0,set-y-0:set-y-0:set-y-1,1,1,1,set-y-0:set-y-0,1,1
0,set-y-0:set-y-0:set-y-1,2,3,1,set-y-0:set-y-0:set-y-0,1,2
0,set-y-0:set-y-1:set-x-0,0,1,1,set-y-0,1,1
0,set-y-0:set-y-1:set-x-0,1,3,1,set-y-0:set-y-0,1,2
0,set-y-0:set-y-1:set-x-0,2,2,1,set-x-0:set-y-0:set-y-0,1,1
0,set-y-0:set-y-1:set-x-1,0,1,1,set-y-0,1,1
0,set-y-0:set-y-1:set-x-1,1,3,1,set-y-0:set-y-0,1,2
0,set-y-0:set-y-1:set-x-1,2,10,1,set-x-0:set-y-0:set-y-0,1,2
0,set-y-0:set-y-1:set-y-0,0,1,1,set-y-0,1,1
0,set-y-0:set-y-1:set-y-0,1,3,1,set-y-0:set-y-0,1,2
0,set-y-0:set-y-1:set-y-0,2,3,1,set-y-1:set-y-0:set-y-0,1,2
0,set-y-0:set-y-1:set-y-1,0,1,1,set-y-0,1,1
0,set-y-0:set-y-1:set-y-1,1,3,1,set-y-0:set-y-0,1,2
0,set-y-0:set-y-1:set-y-1,2,2,1,set-y-1:set-y-0:set-y-0,1,1
0,set-y-1:set-x-0:set-x-0,0,3,1,set-y-0,1,2
0,set-y-1:set-x-0:set-x-0,1,2,1,set-x-0:set-y-0,1,1
0,set-y-1:set-x-0:set-x-0,2,2,1,set-x-0:set-x-0:set-y-0,1,1
0,set-y-1:set-x-0:set-x-1,0,3,1,set-y-0,1,2
0,set-y-1:set-x-0:set-x-1,1,2,1,set-x-0:set-y-0,1,1
0,set-y-1:set-x-0:set-x-1,2,10,1,set-x-0:set-x-0:set-y-0,1,2
0,set-y-1:set-x-0:set-y-0,0,3,1,set-y-0,1,2
0,set-y-1:set-x-0:set-y-0,1,2,1,set-x-0:set-y-0,1,1
0,set-y-1:set-x-0:set-y-0,2,3,1,set-y-1:set-x-0:set-y-0,1,2
0,set-y-1:set-x-0:set-y-1,0,3,1,set-y-0,1,2
0,set-y-1:set-x-0:set-y-1,1,2,1,set-x-0:set-y-0,1,1
0,set-y-1:set-x-0:set-y-1,2,2,1,set-y-1:set-x-0:set-y-0,1,1
0,set-y-1:set-x-1:set-x-0,0,3,1,set-y-0,1,2
0,set-y-1:set-x-1:set-x-0,1,10,1,set-x-0:set-y-0,1,2
0,set-y-1:set-x-1:set-x-0,2,10,1,set-x-1:set-x-0:set-y-0,1,2
0,set-y-1:set-x-1:set-x-1,0,3,1,set-y-0,1,2
0,set-y-1:set-x-1:set-x-1,1,10,1,set-x-0:set-y-0,1,2
0,set-y-1:set-x-1:set-x-1,2,8,1,set-x-1:set-x-0:set-y-0,1,1
0,set-y-1:set-x-1:set-y-0,0,3,1,set-y-0,1,2
0,set-y-1:set-x-1:set-y-0,1,10,1,set-x-0:set-y-0,1,2
0,set-y-1:set-x-1:set-y-0,2,12,0,set-y-1:set-x-0:set-y-0,not-applicable,0
0,set-y-1:set-x-1:set-y-1,0,3,1,set-y-0,1,2
0,set-y-1:set-x-1:set-y-1,1,10,1,set-x-0:set-y-0,1,2
0,set-y-1:set-x-1:set-y-1,2,8,1,set-y-1:set-x-0:set-y-0,1,1
0,set-y-1:set-y-0:set-x-0,0,3,1,set-y-0,1,2
0,set-y-1:set-y-0:set-x-0,1,3,1,set-y-1:set-y-0,1,2
0,set-y-1:set-y-0:set-x-0,2,1,1,set-x-0:set-y-1:set-y-0,1,1
0,set-y-1:set-y-0:set-x-1,0,3,1,set-y-0,1,2
0,set-y-1:set-y-0:set-x-1,1,3,1,set-y-1:set-y-0,1,2
0,set-y-1:set-y-0:set-x-1,2,5,0,set-x-0:set-y-1:set-y-0,not-applicable,0
0,set-y-1:set-y-0:set-y-0,0,3,1,set-y-0,1,2
0,set-y-1:set-y-0:set-y-0,1,3,1,set-y-1:set-y-0,1,2
0,set-y-1:set-y-0:set-y-0,2,1,1,set-y-0:set-y-1:set-y-0,1,1
0,set-y-1:set-y-0:set-y-1,0,3,1,set-y-0,1,2
0,set-y-1:set-y-0:set-y-1,1,3,1,set-y-1:set-y-0,1,2
0,set-y-1:set-y-0:set-y-1,2,3,1,set-y-0:set-y-1:set-y-0,1,2
0,set-y-1:set-y-1:set-x-0,0,3,1,set-y-0,1,2
0,set-y-1:set-y-1:set-x-0,1,2,1,set-y-1:set-y-0,1,1
0,set-y-1:set-y-1:set-x-0,2,2,1,set-x-0:set-y-1:set-y-0,1,1
0,set-y-1:set-y-1:set-x-1,0,3,1,set-y-0,1,2
0,set-y-1:set-y-1:set-x-1,1,2,1,set-y-1:set-y-0,1,1
0,set-y-1:set-y-1:set-x-1,2,10,1,set-x-0:set-y-1:set-y-0,1,2
0,set-y-1:set-y-1:set-y-0,0,3,1,set-y-0,1,2
0,set-y-1:set-y-1:set-y-0,1,2,1,set-y-1:set-y-0,1,1
0,set-y-1:set-y-1:set-y-0,2,3,1,set-y-1:set-y-1:set-y-0,1,2
0,set-y-1:set-y-1:set-y-1,0,3,1,set-y-0,1,2
0,set-y-1:set-y-1:set-y-1,1,2,1,set-y-1:set-y-0,1,1
0,set-y-1:set-y-1:set-y-1,2,2,1,set-y-1:set-y-1:set-y-0,1,1
1,set-x-0,0,2,1,set-x-0,1,1
1,set-x-1,0,10,1,set-x-0,1,2
1,set-y-0,0,3,1,set-y-1,1,2
1,set-y-1,0,2,1,set-y-1,1,1
1,set-x-0:set-x-0,0,2,1,set-x-0,1,1
1,set-x-0:set-x-0,1,2,1,set-x-0:set-x-0,1,1
1,set-x-0:set-x-1,0,2,1,set-x-0,1,1
1,set-x-0:set-x-1,1,10,1,set-x-0:set-x-0,1,2
1,set-x-0:set-y-0,0,2,1,set-x-0,1,1
1,set-x-0:set-y-0,1,3,1,set-y-1:set-x-0,1,2
1,set-x-0:set-y-1,0,2,1,set-x-0,1,1
1,set-x-0:set-y-1,1,2,1,set-y-1:set-x-0,1,1
1,set-x-1:set-x-0,0,10,1,set-x-0,1,2
1,set-x-1:set-x-0,1,10,1,set-x-1:set-x-0,1,2
1,set-x-1:set-x-1,0,10,1,set-x-0,1,2
1,set-x-1:set-x-1,1,8,1,set-x-1:set-x-0,1,1
1,set-x-1:set-y-0,0,10,1,set-x-0,1,2
1,set-x-1:set-y-0,1,12,0,set-y-1:set-x-0,not-applicable,0
1,set-x-1:set-y-1,0,10,1,set-x-0,1,2
1,set-x-1:set-y-1,1,8,1,set-y-1:set-x-0,1,1
1,set-y-0:set-x-0,0,3,1,set-y-1,1,2
1,set-y-0:set-x-0,1,1,1,set-x-0:set-y-1,1,1
1,set-y-0:set-x-1,0,3,1,set-y-1,1,2
1,set-y-0:set-x-1,1,5,0,set-x-0:set-y-1,not-applicable,0
1,set-y-0:set-y-0,0,3,1,set-y-1,1,2
1,set-y-0:set-y-0,1,1,1,set-y-0:set-y-1,1,1
1,set-y-0:set-y-1,0,3,1,set-y-1,1,2
1,set-y-0:set-y-1,1,3,1,set-y-0:set-y-1,1,2
1,set-y-1:set-x-0,0,2,1,set-y-1,1,1
1,set-y-1:set-x-0,1,2,1,set-x-0:set-y-1,1,1
1,set-y-1:set-x-1,0,2,1,set-y-1,1,1
1,set-y-1:set-x-1,1,10,1,set-x-0:set-y-1,1,2
1,set-y-1:set-y-0,0,2,1,set-y-1,1,1
1,set-y-1:set-y-0,1,3,1,set-y-1:set-y-1,1,2
1,set-y-1:set-y-1,0,2,1,set-y-1,1,1
1,set-y-1:set-y-1,1,2,1,set-y-1:set-y-1,1,1
1,set-x-0:set-x-0:set-x-0,0,2,1,set-x-0,1,1
1,set-x-0:set-x-0:set-x-0,1,2,1,set-x-0:set-x-0,1,1
1,set-x-0:set-x-0:set-x-0,2,2,1,set-x-0:set-x-0:set-x-0,1,1
1,set-x-0:set-x-0:set-x-1,0,2,1,set-x-0,1,1
1,set-x-0:set-x-0:set-x-1,1,2,1,set-x-0:set-x-0,1,1
1,set-x-0:set-x-0:set-x-1,2,10,1,set-x-0:set-x-0:set-x-0,1,2
1,set-x-0:set-x-0:set-y-0,0,2,1,set-x-0,1,1
1,set-x-0:set-x-0:set-y-0,1,2,1,set-x-0:set-x-0,1,1
1,set-x-0:set-x-0:set-y-0,2,3,1,set-y-1:set-x-0:set-x-0,1,2
1,set-x-0:set-x-0:set-y-1,0,2,1,set-x-0,1,1
1,set-x-0:set-x-0:set-y-1,1,2,1,set-x-0:set-x-0,1,1
1,set-x-0:set-x-0:set-y-1,2,2,1,set-y-1:set-x-0:set-x-0,1,1
1,set-x-0:set-x-1:set-x-0,0,2,1,set-x-0,1,1
1,set-x-0:set-x-1:set-x-0,1,10,1,set-x-0:set-x-0,1,2
1,set-x-0:set-x-1:set-x-0,2,10,1,set-x-1:set-x-0:set-x-0,1,2
1,set-x-0:set-x-1:set-x-1,0,2,1,set-x-0,1,1
1,set-x-0:set-x-1:set-x-1,1,10,1,set-x-0:set-x-0,1,2
1,set-x-0:set-x-1:set-x-1,2,8,1,set-x-1:set-x-0:set-x-0,1,1
1,set-x-0:set-x-1:set-y-0,0,2,1,set-x-0,1,1
1,set-x-0:set-x-1:set-y-0,1,10,1,set-x-0:set-x-0,1,2
1,set-x-0:set-x-1:set-y-0,2,12,0,set-y-1:set-x-0:set-x-0,not-applicable,0
1,set-x-0:set-x-1:set-y-1,0,2,1,set-x-0,1,1
1,set-x-0:set-x-1:set-y-1,1,10,1,set-x-0:set-x-0,1,2
1,set-x-0:set-x-1:set-y-1,2,8,1,set-y-1:set-x-0:set-x-0,1,1
1,set-x-0:set-y-0:set-x-0,0,2,1,set-x-0,1,1
1,set-x-0:set-y-0:set-x-0,1,3,1,set-y-1:set-x-0,1,2
1,set-x-0:set-y-0:set-x-0,2,1,1,set-x-0:set-y-1:set-x-0,1,1
1,set-x-0:set-y-0:set-x-1,0,2,1,set-x-0,1,1
1,set-x-0:set-y-0:set-x-1,1,3,1,set-y-1:set-x-0,1,2
1,set-x-0:set-y-0:set-x-1,2,5,0,set-x-0:set-y-1:set-x-0,not-applicable,0
1,set-x-0:set-y-0:set-y-0,0,2,1,set-x-0,1,1
1,set-x-0:set-y-0:set-y-0,1,3,1,set-y-1:set-x-0,1,2
1,set-x-0:set-y-0:set-y-0,2,1,1,set-y-0:set-y-1:set-x-0,1,1
1,set-x-0:set-y-0:set-y-1,0,2,1,set-x-0,1,1
1,set-x-0:set-y-0:set-y-1,1,3,1,set-y-1:set-x-0,1,2
1,set-x-0:set-y-0:set-y-1,2,3,1,set-y-0:set-y-1:set-x-0,1,2
1,set-x-0:set-y-1:set-x-0,0,2,1,set-x-0,1,1
1,set-x-0:set-y-1:set-x-0,1,2,1,set-y-1:set-x-0,1,1
1,set-x-0:set-y-1:set-x-0,2,2,1,set-x-0:set-y-1:set-x-0,1,1
1,set-x-0:set-y-1:set-x-1,0,2,1,set-x-0,1,1
1,set-x-0:set-y-1:set-x-1,1,2,1,set-y-1:set-x-0,1,1
1,set-x-0:set-y-1:set-x-1,2,10,1,set-x-0:set-y-1:set-x-0,1,2
1,set-x-0:set-y-1:set-y-0,0,2,1,set-x-0,1,1
1,set-x-0:set-y-1:set-y-0,1,2,1,set-y-1:set-x-0,1,1
1,set-x-0:set-y-1:set-y-0,2,3,1,set-y-1:set-y-1:set-x-0,1,2
1,set-x-0:set-y-1:set-y-1,0,2,1,set-x-0,1,1
1,set-x-0:set-y-1:set-y-1,1,2,1,set-y-1:set-x-0,1,1
1,set-x-0:set-y-1:set-y-1,2,2,1,set-y-1:set-y-1:set-x-0,1,1
1,set-x-1:set-x-0:set-x-0,0,10,1,set-x-0,1,2
1,set-x-1:set-x-0:set-x-0,1,10,1,set-x-1:set-x-0,1,2
1,set-x-1:set-x-0:set-x-0,2,2,1,set-x-0:set-x-1:set-x-0,1,1
1,set-x-1:set-x-0:set-x-1,0,10,1,set-x-0,1,2
1,set-x-1:set-x-0:set-x-1,1,10,1,set-x-1:set-x-0,1,2
1,set-x-1:set-x-0:set-x-1,2,10,1,set-x-0:set-x-1:set-x-0,1,2
1,set-x-1:set-x-0:set-y-0,0,10,1,set-x-0,1,2
1,set-x-1:set-x-0:set-y-0,1,10,1,set-x-1:set-x-0,1,2
1,set-x-1:set-x-0:set-y-0,2,3,1,set-y-1:set-x-1:set-x-0,1,2
1,set-x-1:set-x-0:set-y-1,0,10,1,set-x-0,1,2
1,set-x-1:set-x-0:set-y-1,1,10,1,set-x-1:set-x-0,1,2
1,set-x-1:set-x-0:set-y-1,2,2,1,set-y-1:set-x-1:set-x-0,1,1
1,set-x-1:set-x-1:set-x-0,0,10,1,set-x-0,1,2
1,set-x-1:set-x-1:set-x-0,1,8,1,set-x-1:set-x-0,1,1
1,set-x-1:set-x-1:set-x-0,2,10,1,set-x-1:set-x-1:set-x-0,1,2
1,set-x-1:set-x-1:set-x-1,0,10,1,set-x-0,1,2
1,set-x-1:set-x-1:set-x-1,1,8,1,set-x-1:set-x-0,1,1
1,set-x-1:set-x-1:set-x-1,2,8,1,set-x-1:set-x-1:set-x-0,1,1
1,set-x-1:set-x-1:set-y-0,0,10,1,set-x-0,1,2
1,set-x-1:set-x-1:set-y-0,1,8,1,set-x-1:set-x-0,1,1
1,set-x-1:set-x-1:set-y-0,2,12,0,set-y-1:set-x-1:set-x-0,not-applicable,0
1,set-x-1:set-x-1:set-y-1,0,10,1,set-x-0,1,2
1,set-x-1:set-x-1:set-y-1,1,8,1,set-x-1:set-x-0,1,1
1,set-x-1:set-x-1:set-y-1,2,8,1,set-y-1:set-x-1:set-x-0,1,1
1,set-x-1:set-y-0:set-x-0,0,10,1,set-x-0,1,2
1,set-x-1:set-y-0:set-x-0,1,12,0,set-y-1:set-x-0,not-applicable,0
1,set-x-1:set-y-0:set-x-0,2,5,0,set-x-1:set-y-1:set-x-0,not-applicable,0
1,set-x-1:set-y-0:set-x-1,0,10,1,set-x-0,1,2
1,set-x-1:set-y-0:set-x-1,1,12,0,set-y-1:set-x-0,not-applicable,0
1,set-x-1:set-y-0:set-x-1,2,4,0,set-x-1:set-y-1:set-x-0,not-applicable,0
1,set-x-1:set-y-0:set-y-0,0,10,1,set-x-0,1,2
1,set-x-1:set-y-0:set-y-0,1,12,0,set-y-1:set-x-0,not-applicable,0
1,set-x-1:set-y-0:set-y-0,2,4,0,set-y-0:set-y-1:set-x-0,not-applicable,0
1,set-x-1:set-y-0:set-y-1,0,10,1,set-x-0,1,2
1,set-x-1:set-y-0:set-y-1,1,12,0,set-y-1:set-x-0,not-applicable,0
1,set-x-1:set-y-0:set-y-1,2,12,0,set-y-0:set-y-1:set-x-0,not-applicable,0
1,set-x-1:set-y-1:set-x-0,0,10,1,set-x-0,1,2
1,set-x-1:set-y-1:set-x-0,1,8,1,set-y-1:set-x-0,1,1
1,set-x-1:set-y-1:set-x-0,2,10,1,set-x-1:set-y-1:set-x-0,1,2
1,set-x-1:set-y-1:set-x-1,0,10,1,set-x-0,1,2
1,set-x-1:set-y-1:set-x-1,1,8,1,set-y-1:set-x-0,1,1
1,set-x-1:set-y-1:set-x-1,2,8,1,set-x-1:set-y-1:set-x-0,1,1
1,set-x-1:set-y-1:set-y-0,0,10,1,set-x-0,1,2
1,set-x-1:set-y-1:set-y-0,1,8,1,set-y-1:set-x-0,1,1
1,set-x-1:set-y-1:set-y-0,2,12,0,set-y-1:set-y-1:set-x-0,not-applicable,0
1,set-x-1:set-y-1:set-y-1,0,10,1,set-x-0,1,2
1,set-x-1:set-y-1:set-y-1,1,8,1,set-y-1:set-x-0,1,1
1,set-x-1:set-y-1:set-y-1,2,8,1,set-y-1:set-y-1:set-x-0,1,1
1,set-y-0:set-x-0:set-x-0,0,3,1,set-y-1,1,2
1,set-y-0:set-x-0:set-x-0,1,1,1,set-x-0:set-y-1,1,1
1,set-y-0:set-x-0:set-x-0,2,1,1,set-x-0:set-x-0:set-y-1,1,1
1,set-y-0:set-x-0:set-x-1,0,3,1,set-y-1,1,2
1,set-y-0:set-x-0:set-x-1,1,1,1,set-x-0:set-y-1,1,1
1,set-y-0:set-x-0:set-x-1,2,5,0,set-x-0:set-x-0:set-y-1,not-applicable,0
1,set-y-0:set-x-0:set-y-0,0,3,1,set-y-1,1,2
1,set-y-0:set-x-0:set-y-0,1,1,1,set-x-0:set-y-1,1,1
1,set-y-0:set-x-0:set-y-0,2,1,1,set-y-0:set-x-0:set-y-1,1,1
1,set-y-0:set-x-0:set-y-1,0,3,1,set-y-1,1,2
1,set-y-0:set-x-0:set-y-1,1,1,1,set-x-0:set-y-1,1,1
1,set-y-0:set-x-0:set-y-1,2,3,1,set-y-0:set-x-0:set-y-1,1,2
1,set-y-0:set-x-1:set-x-0,0,3,1,set-y-1,1,2
1,set-y-0:set-x-1:set-x-0,1,5,0,set-x-0:set-y-1,not-applicable,0
1,set-y-0:set-x-1:set-x-0,2,5,0,set-x-1:set-x-0:set-y-1,not-applicable,0
1,set-y-0:set-x-1:set-x-1,0,3,1,set-y-1,1,2
1,set-y-0:set-x-1:set-x-1,1,5,0,set-x-0:set-y-1,not-applicable,0
1,set-y-0:set-x-1:set-x-1,2,4,0,set-x-1:set-x-0:set-y-1,not-applicable,0
1,set-y-0:set-x-1:set-y-0,0,3,1,set-y-1,1,2
1,set-y-0:set-x-1:set-y-0,1,5,0,set-x-0:set-y-1,not-applicable,0
1,set-y-0:set-x-1:set-y-0,2,4,0,set-y-0:set-x-0:set-y-1,not-applicable,0
1,set-y-0:set-x-1:set-y-1,0,3,1,set-y-1,1,2
1,set-y-0:set-x-1:set-y-1,1,5,0,set-x-0:set-y-1,not-applicable,0
1,set-y-0:set-x-1:set-y-1,2,12,0,set-y-0:set-x-0:set-y-1,not-applicable,0
1,set-y-0:set-y-0:set-x-0,0,3,1,set-y-1,1,2
1,set-y-0:set-y-0:set-x-0,1,1,1,set-y-0:set-y-1,1,1
1,set-y-0:set-y-0:set-x-0,2,1,1,set-x-0:set-y-0:set-y-1,1,1
1,set-y-0:set-y-0:set-x-1,0,3,1,set-y-1,1,2
1,set-y-0:set-y-0:set-x-1,1,1,1,set-y-0:set-y-1,1,1
1,set-y-0:set-y-0:set-x-1,2,5,0,set-x-0:set-y-0:set-y-1,not-applicable,0
1,set-y-0:set-y-0:set-y-0,0,3,1,set-y-1,1,2
1,set-y-0:set-y-0:set-y-0,1,1,1,set-y-0:set-y-1,1,1
1,set-y-0:set-y-0:set-y-0,2,1,1,set-y-0:set-y-0:set-y-1,1,1
1,set-y-0:set-y-0:set-y-1,0,3,1,set-y-1,1,2
1,set-y-0:set-y-0:set-y-1,1,1,1,set-y-0:set-y-1,1,1
1,set-y-0:set-y-0:set-y-1,2,3,1,set-y-0:set-y-0:set-y-1,1,2
1,set-y-0:set-y-1:set-x-0,0,3,1,set-y-1,1,2
1,set-y-0:set-y-1:set-x-0,1,3,1,set-y-0:set-y-1,1,2
1,set-y-0:set-y-1:set-x-0,2,2,1,set-x-0:set-y-0:set-y-1,1,1
1,set-y-0:set-y-1:set-x-1,0,3,1,set-y-1,1,2
1,set-y-0:set-y-1:set-x-1,1,3,1,set-y-0:set-y-1,1,2
1,set-y-0:set-y-1:set-x-1,2,10,1,set-x-0:set-y-0:set-y-1,1,2
1,set-y-0:set-y-1:set-y-0,0,3,1,set-y-1,1,2
1,set-y-0:set-y-1:set-y-0,1,3,1,set-y-0:set-y-1,1,2
1,set-y-0:set-y-1:set-y-0,2,3,1,set-y-1:set-y-0:set-y-1,1,2
1,set-y-0:set-y-1:set-y-1,0,3,1,set-y-1,1,2
1,set-y-0:set-y-1:set-y-1,1,3,1,set-y-0:set-y-1,1,2
1,set-y-0:set-y-1:set-y-1,2,2,1,set-y-1:set-y-0:set-y-1,1,1
1,set-y-1:set-x-0:set-x-0,0,2,1,set-y-1,1,1
1,set-y-1:set-x-0:set-x-0,1,2,1,set-x-0:set-y-1,1,1
1,set-y-1:set-x-0:set-x-0,2,2,1,set-x-0:set-x-0:set-y-1,1,1
1,set-y-1:set-x-0:set-x-1,0,2,1,set-y-1,1,1
1,set-y-1:set-x-0:set-x-1,1,2,1,set-x-0:set-y-1,1,1
1,set-y-1:set-x-0:set-x-1,2,10,1,set-x-0:set-x-0:set-y-1,1,2
1,set-y-1:set-x-0:set-y-0,0,2,1,set-y-1,1,1
1,set-y-1:set-x-0:set-y-0,1,2,1,set-x-0:set-y-1,1,1
1,set-y-1:set-x-0:set-y-0,2,3,1,set-y-1:set-x-0:set-y-1,1,2
1,set-y-1:set-x-0:set-y-1,0,2,1,set-y-1,1,1
1,set-y-1:set-x-0:set-y-1,1,2,1,set-x-0:set-y-1,1,1
1,set-y-1:set-x-0:set-y-1,2,2,1,set-y-1:set-x-0:set-y-1,1,1
1,set-y-1:set-x-1:set-x-0,0,2,1,set-y-1,1,1
1,set-y-1:set-x-1:set-x-0,1,10,1,set-x-0:set-y-1,1,2
1,set-y-1:set-x-1:set-x-0,2,10,1,set-x-1:set-x-0:set-y-1,1,2
1,set-y-1:set-x-1:set-x-1,0,2,1,set-y-1,1,1
1,set-y-1:set-x-1:set-x-1,1,10,1,set-x-0:set-y-1,1,2
1,set-y-1:set-x-1:set-x-1,2,8,1,set-x-1:set-x-0:set-y-1,1,1
1,set-y-1:set-x-1:set-y-0,0,2,1,set-y-1,1,1
1,set-y-1:set-x-1:set-y-0,1,10,1,set-x-0:set-y-1,1,2
1,set-y-1:set-x-1:set-y-0,2,12,0,set-y-1:set-x-0:set-y-1,not-applicable,0
1,set-y-1:set-x-1:set-y-1,0,2,1,set-y-1,1,1
1,set-y-1:set-x-1:set-y-1,1,10,1,set-x-0:set-y-1,1,2
1,set-y-1:set-x-1:set-y-1,2,8,1,set-y-1:set-x-0:set-y-1,1,1
1,set-y-1:set-y-0:set-x-0,0,2,1,set-y-1,1,1
1,set-y-1:set-y-0:set-x-0,1,3,1,set-y-1:set-y-1,1,2
1,set-y-1:set-y-0:set-x-0,2,1,1,set-x-0:set-y-1:set-y-1,1,1
1,set-y-1:set-y-0:set-x-1,0,2,1,set-y-1,1,1
1,set-y-1:set-y-0:set-x-1,1,3,1,set-y-1:set-y-1,1,2
1,set-y-1:set-y-0:set-x-1,2,5,0,set-x-0:set-y-1:set-y-1,not-applicable,0
1,set-y-1:set-y-0:set-y-0,0,2,1,set-y-1,1,1
1,set-y-1:set-y-0:set-y-0,1,3,1,set-y-1:set-y-1,1,2
1,set-y-1:set-y-0:set-y-0,2,1,1,set-y-0:set-y-1:set-y-1,1,1
1,set-y-1:set-y-0:set-y-1,0,2,1,set-y-1,1,1
1,set-y-1:set-y-0:set-y-1,1,3,1,set-y-1:set-y-1,1,2
1,set-y-1:set-y-0:set-y-1,2,3,1,set-y-0:set-y-1:set-y-1,1,2
1,set-y-1:set-y-1:set-x-0,0,2,1,set-y-1,1,1
1,set-y-1:set-y-1:set-x-0,1,2,1,set-y-1:set-y-1,1,1
1,set-y-1:set-y-1:set-x-0,2,2,1,set-x-0:set-y-1:set-y-1,1,1
1,set-y-1:set-y-1:set-x-1,0,2,1,set-y-1,1,1
1,set-y-1:set-y-1:set-x-1,1,2,1,set-y-1:set-y-1,1,1
1,set-y-1:set-y-1:set-x-1,2,10,1,set-x-0:set-y-1:set-y-1,1,2
1,set-y-1:set-y-1:set-y-0,0,2,1,set-y-1,1,1
1,set-y-1:set-y-1:set-y-0,1,2,1,set-y-1:set-y-1,1,1
1,set-y-1:set-y-1:set-y-0,2,3,1,set-y-1:set-y-1:set-y-1,1,2
1,set-y-1:set-y-1:set-y-1,0,2,1,set-y-1,1,1
1,set-y-1:set-y-1:set-y-1,1,2,1,set-y-1:set-y-1,1,1
1,set-y-1:set-y-1:set-y-1,2,2,1,set-y-1:set-y-1:set-y-1,1,1
3,set-x-0,0,10,1,set-x-1,1,2
3,set-x-1,0,8,1,set-x-1,1,1
3,set-y-0,0,12,0,set-y-1,not-applicable,0
3,set-y-1,0,8,1,set-y-1,1,1
3,set-x-0:set-x-0,0,10,1,set-x-1,1,2
3,set-x-0:set-x-0,1,2,1,set-x-0:set-x-1,1,1
3,set-x-0:set-x-1,0,10,1,set-x-1,1,2
3,set-x-0:set-x-1,1,10,1,set-x-0:set-x-1,1,2
3,set-x-0:set-y-0,0,10,1,set-x-1,1,2
3,set-x-0:set-y-0,1,3,1,set-y-1:set-x-1,1,2
3,set-x-0:set-y-1,0,10,1,set-x-1,1,2
3,set-x-0:set-y-1,1,2,1,set-y-1:set-x-1,1,1
3,set-x-1:set-x-0,0,8,1,set-x-1,1,1
3,set-x-1:set-x-0,1,10,1,set-x-1:set-x-1,1,2
3,set-x-1:set-x-1,0,8,1,set-x-1,1,1
3,set-x-1:set-x-1,1,8,1,set-x-1:set-x-1,1,1
3,set-x-1:set-y-0,0,8,1,set-x-1,1,1
3,set-x-1:set-y-0,1,12,0,set-y-1:set-x-1,not-applicable,0
3,set-x-1:set-y-1,0,8,1,set-x-1,1,1
3,set-x-1:set-y-1,1,8,1,set-y-1:set-x-1,1,1
3,set-y-0:set-x-0,0,12,0,set-y-1,not-applicable,0
3,set-y-0:set-x-0,1,5,0,set-x-1:set-y-1,not-applicable,0
3,set-y-0:set-x-1,0,12,0,set-y-1,not-applicable,0
3,set-y-0:set-x-1,1,4,0,set-x-1:set-y-1,not-applicable,0
3,set-y-0:set-y-0,0,12,0,set-y-1,not-applicable,0
3,set-y-0:set-y-0,1,4,0,set-y-0:set-y-1,not-applicable,0
3,set-y-0:set-y-1,0,12,0,set-y-1,not-applicable,0
3,set-y-0:set-y-1,1,12,0,set-y-0:set-y-1,not-applicable,0
3,set-y-1:set-x-0,0,8,1,set-y-1,1,1
3,set-y-1:set-x-0,1,10,1,set-x-1:set-y-1,1,2
3,set-y-1:set-x-1,0,8,1,set-y-1,1,1
3,set-y-1:set-x-1,1,8,1,set-x-1:set-y-1,1,1
3,set-y-1:set-y-0,0,8,1,set-y-1,1,1
3,set-y-1:set-y-0,1,12,0,set-y-1:set-y-1,not-applicable,0
3,set-y-1:set-y-1,0,8,1,set-y-1,1,1
3,set-y-1:set-y-1,1,8,1,set-y-1:set-y-1,1,1
3,set-x-0:set-x-0:set-x-0,0,10,1,set-x-1,1,2
3,set-x-0:set-x-0:set-x-0,1,2,1,set-x-0:set-x-1,1,1
3,set-x-0:set-x-0:set-x-0,2,2,1,set-x-0:set-x-0:set-x-1,1,1
3,set-x-0:set-x-0:set-x-1,0,10,1,set-x-1,1,2
3,set-x-0:set-x-0:set-x-1,1,2,1,set-x-0:set-x-1,1,1
3,set-x-0:set-x-0:set-x-1,2,10,1,set-x-0:set-x-0:set-x-1,1,2
3,set-x-0:set-x-0:set-y-0,0,10,1,set-x-1,1,2
3,set-x-0:set-x-0:set-y-0,1,2,1,set-x-0:set-x-1,1,1
3,set-x-0:set-x-0:set-y-0,2,3,1,set-y-1:set-x-0:set-x-1,1,2
3,set-x-0:set-x-0:set-y-1,0,10,1,set-x-1,1,2
3,set-x-0:set-x-0:set-y-1,1,2,1,set-x-0:set-x-1,1,1
3,set-x-0:set-x-0:set-y-1,2,2,1,set-y-1:set-x-0:set-x-1,1,1
3,set-x-0:set-x-1:set-x-0,0,10,1,set-x-1,1,2
3,set-x-0:set-x-1:set-x-0,1,10,1,set-x-0:set-x-1,1,2
3,set-x-0:set-x-1:set-x-0,2,10,1,set-x-1:set-x-0:set-x-1,1,2
3,set-x-0:set-x-1:set-x-1,0,10,1,set-x-1,1,2
3,set-x-0:set-x-1:set-x-1,1,10,1,set-x-0:set-x-1,1,2
3,set-x-0:set-x-1:set-x-1,2,8,1,set-x-1:set-x-0:set-x-1,1,1
3,set-x-0:set-x-1:set-y-0,0,10,1,set-x-1,1,2
3,set-x-0:set-x-1:set-y-0,1,10,1,set-x-0:set-x-1,1,2
3,set-x-0:set-x-1:set-y-0,2,12,0,set-y-1:set-x-0:set-x-1,not-applicable,0
3,set-x-0:set-x-1:set-y-1,0,10,1,set-x-1,1,2
3,set-x-0:set-x-1:set-y-1,1,10,1,set-x-0:set-x-1,1,2
3,set-x-0:set-x-1:set-y-1,2,8,1,set-y-1:set-x-0:set-x-1,1,1
3,set-x-0:set-y-0:set-x-0,0,10,1,set-x-1,1,2
3,set-x-0:set-y-0:set-x-0,1,3,1,set-y-1:set-x-1,1,2
3,set-x-0:set-y-0:set-x-0,2,1,1,set-x-0:set-y-1:set-x-1,1,1
3,set-x-0:set-y-0:set-x-1,0,10,1,set-x-1,1,2
3,set-x-0:set-y-0:set-x-1,1,3,1,set-y-1:set-x-1,1,2
3,set-x-0:set-y-0:set-x-1,2,5,0,set-x-0:set-y-1:set-x-1,not-applicable,0
3,set-x-0:set-y-0:set-y-0,0,10,1,set-x-1,1,2
3,set-x-0:set-y-0:set-y-0,1,3,1,set-y-1:set-x-1,1,2
3,set-x-0:set-y-0:set-y-0,2,1,1,set-y-0:set-y-1:set-x-1,1,1
3,set-x-0:set-y-0:set-y-1,0,10,1,set-x-1,1,2
3,set-x-0:set-y-0:set-y-1,1,3,1,set-y-1:set-x-1,1,2
3,set-x-0:set-y-0:set-y-1,2,3,1,set-y-0:set-y-1:set-x-1,1,2
3,set-x-0:set-y-1:set-x-0,0,10,1,set-x-1,1,2
3,set-x-0:set-y-1:set-x-0,1,2,1,set-y-1:set-x-1,1,1
3,set-x-0:set-y-1:set-x-0,2,2,1,set-x-0:set-y-1:set-x-1,1,1
3,set-x-0:set-y-1:set-x-1,0,10,1,set-x-1,1,2
3,set-x-0:set-y-1:set-x-1,1,2,1,set-y-1:set-x-1,1,1
3,set-x-0:set-y-1:set-x-1,2,10,1,set-x-0:set-y-1:set-x-1,1,2
3,set-x-0:set-y-1:set-y-0,0,10,1,set-x-1,1,2
3,set-x-0:set-y-1:set-y-0,1,2,1,set-y-1:set-x-1,1,1
3,set-x-0:set-y-1:set-y-0,2,3,1,set-y-1:set-y-1:set-x-1,1,2
3,set-x-0:set-y-1:set-y-1,0,10,1,set-x-1,1,2
3,set-x-0:set-y-1:set-y-1,1,2,1,set-y-1:set-x-1,1,1
3,set-x-0:set-y-1:set-y-1,2,2,1,set-y-1:set-y-1:set-x-1,1,1
3,set-x-1:set-x-0:set-x-0,0,8,1,set-x-1,1,1
3,set-x-1:set-x-0:set-x-0,1,10,1,set-x-1:set-x-1,1,2
3,set-x-1:set-x-0:set-x-0,2,2,1,set-x-0:set-x-1:set-x-1,1,1
3,set-x-1:set-x-0:set-x-1,0,8,1,set-x-1,1,1
3,set-x-1:set-x-0:set-x-1,1,10,1,set-x-1:set-x-1,1,2
3,set-x-1:set-x-0:set-x-1,2,10,1,set-x-0:set-x-1:set-x-1,1,2
3,set-x-1:set-x-0:set-y-0,0,8,1,set-x-1,1,1
3,set-x-1:set-x-0:set-y-0,1,10,1,set-x-1:set-x-1,1,2
3,set-x-1:set-x-0:set-y-0,2,3,1,set-y-1:set-x-1:set-x-1,1,2
3,set-x-1:set-x-0:set-y-1,0,8,1,set-x-1,1,1
3,set-x-1:set-x-0:set-y-1,1,10,1,set-x-1:set-x-1,1,2
3,set-x-1:set-x-0:set-y-1,2,2,1,set-y-1:set-x-1:set-x-1,1,1
3,set-x-1:set-x-1:set-x-0,0,8,1,set-x-1,1,1
3,set-x-1:set-x-1:set-x-0,1,8,1,set-x-1:set-x-1,1,1
3,set-x-1:set-x-1:set-x-0,2,10,1,set-x-1:set-x-1:set-x-1,1,2
3,set-x-1:set-x-1:set-x-1,0,8,1,set-x-1,1,1
3,set-x-1:set-x-1:set-x-1,1,8,1,set-x-1:set-x-1,1,1
3,set-x-1:set-x-1:set-x-1,2,8,1,set-x-1:set-x-1:set-x-1,1,1
3,set-x-1:set-x-1:set-y-0,0,8,1,set-x-1,1,1
3,set-x-1:set-x-1:set-y-0,1,8,1,set-x-1:set-x-1,1,1
3,set-x-1:set-x-1:set-y-0,2,12,0,set-y-1:set-x-1:set-x-1,not-applicable,0
3,set-x-1:set-x-1:set-y-1,0,8,1,set-x-1,1,1
3,set-x-1:set-x-1:set-y-1,1,8,1,set-x-1:set-x-1,1,1
3,set-x-1:set-x-1:set-y-1,2,8,1,set-y-1:set-x-1:set-x-1,1,1
3,set-x-1:set-y-0:set-x-0,0,8,1,set-x-1,1,1
3,set-x-1:set-y-0:set-x-0,1,12,0,set-y-1:set-x-1,not-applicable,0
3,set-x-1:set-y-0:set-x-0,2,5,0,set-x-1:set-y-1:set-x-1,not-applicable,0
3,set-x-1:set-y-0:set-x-1,0,8,1,set-x-1,1,1
3,set-x-1:set-y-0:set-x-1,1,12,0,set-y-1:set-x-1,not-applicable,0
3,set-x-1:set-y-0:set-x-1,2,4,0,set-x-1:set-y-1:set-x-1,not-applicable,0
3,set-x-1:set-y-0:set-y-0,0,8,1,set-x-1,1,1
3,set-x-1:set-y-0:set-y-0,1,12,0,set-y-1:set-x-1,not-applicable,0
3,set-x-1:set-y-0:set-y-0,2,4,0,set-y-0:set-y-1:set-x-1,not-applicable,0
3,set-x-1:set-y-0:set-y-1,0,8,1,set-x-1,1,1
3,set-x-1:set-y-0:set-y-1,1,12,0,set-y-1:set-x-1,not-applicable,0
3,set-x-1:set-y-0:set-y-1,2,12,0,set-y-0:set-y-1:set-x-1,not-applicable,0
3,set-x-1:set-y-1:set-x-0,0,8,1,set-x-1,1,1
3,set-x-1:set-y-1:set-x-0,1,8,1,set-y-1:set-x-1,1,1
3,set-x-1:set-y-1:set-x-0,2,10,1,set-x-1:set-y-1:set-x-1,1,2
3,set-x-1:set-y-1:set-x-1,0,8,1,set-x-1,1,1
3,set-x-1:set-y-1:set-x-1,1,8,1,set-y-1:set-x-1,1,1
3,set-x-1:set-y-1:set-x-1,2,8,1,set-x-1:set-y-1:set-x-1,1,1
3,set-x-1:set-y-1:set-y-0,0,8,1,set-x-1,1,1
3,set-x-1:set-y-1:set-y-0,1,8,1,set-y-1:set-x-1,1,1
3,set-x-1:set-y-1:set-y-0,2,12,0,set-y-1:set-y-1:set-x-1,not-applicable,0
3,set-x-1:set-y-1:set-y-1,0,8,1,set-x-1,1,1
3,set-x-1:set-y-1:set-y-1,1,8,1,set-y-1:set-x-1,1,1
3,set-x-1:set-y-1:set-y-1,2,8,1,set-y-1:set-y-1:set-x-1,1,1
3,set-y-0:set-x-0:set-x-0,0,12,0,set-y-1,not-applicable,0
3,set-y-0:set-x-0:set-x-0,1,5,0,set-x-1:set-y-1,not-applicable,0
3,set-y-0:set-x-0:set-x-0,2,1,0,set-x-0:set-x-1:set-y-1,not-applicable,0
3,set-y-0:set-x-0:set-x-1,0,12,0,set-y-1,not-applicable,0
3,set-y-0:set-x-0:set-x-1,1,5,0,set-x-1:set-y-1,not-applicable,0
3,set-y-0:set-x-0:set-x-1,2,5,0,set-x-0:set-x-1:set-y-1,not-applicable,0
3,set-y-0:set-x-0:set-y-0,0,12,0,set-y-1,not-applicable,0
3,set-y-0:set-x-0:set-y-0,1,5,0,set-x-1:set-y-1,not-applicable,0
3,set-y-0:set-x-0:set-y-0,2,1,0,set-y-0:set-x-1:set-y-1,not-applicable,0
3,set-y-0:set-x-0:set-y-1,0,12,0,set-y-1,not-applicable,0
3,set-y-0:set-x-0:set-y-1,1,5,0,set-x-1:set-y-1,not-applicable,0
3,set-y-0:set-x-0:set-y-1,2,3,0,set-y-0:set-x-1:set-y-1,not-applicable,0
3,set-y-0:set-x-1:set-x-0,0,12,0,set-y-1,not-applicable,0
3,set-y-0:set-x-1:set-x-0,1,4,0,set-x-1:set-y-1,not-applicable,0
3,set-y-0:set-x-1:set-x-0,2,5,0,set-x-1:set-x-1:set-y-1,not-applicable,0
3,set-y-0:set-x-1:set-x-1,0,12,0,set-y-1,not-applicable,0
3,set-y-0:set-x-1:set-x-1,1,4,0,set-x-1:set-y-1,not-applicable,0
3,set-y-0:set-x-1:set-x-1,2,4,0,set-x-1:set-x-1:set-y-1,not-applicable,0
3,set-y-0:set-x-1:set-y-0,0,12,0,set-y-1,not-applicable,0
3,set-y-0:set-x-1:set-y-0,1,4,0,set-x-1:set-y-1,not-applicable,0
3,set-y-0:set-x-1:set-y-0,2,4,0,set-y-0:set-x-1:set-y-1,not-applicable,0
3,set-y-0:set-x-1:set-y-1,0,12,0,set-y-1,not-applicable,0
3,set-y-0:set-x-1:set-y-1,1,4,0,set-x-1:set-y-1,not-applicable,0
3,set-y-0:set-x-1:set-y-1,2,12,0,set-y-0:set-x-1:set-y-1,not-applicable,0
3,set-y-0:set-y-0:set-x-0,0,12,0,set-y-1,not-applicable,0
3,set-y-0:set-y-0:set-x-0,1,4,0,set-y-0:set-y-1,not-applicable,0
3,set-y-0:set-y-0:set-x-0,2,5,0,set-x-1:set-y-0:set-y-1,not-applicable,0
3,set-y-0:set-y-0:set-x-1,0,12,0,set-y-1,not-applicable,0
3,set-y-0:set-y-0:set-x-1,1,4,0,set-y-0:set-y-1,not-applicable,0
3,set-y-0:set-y-0:set-x-1,2,4,0,set-x-1:set-y-0:set-y-1,not-applicable,0
3,set-y-0:set-y-0:set-y-0,0,12,0,set-y-1,not-applicable,0
3,set-y-0:set-y-0:set-y-0,1,4,0,set-y-0:set-y-1,not-applicable,0
3,set-y-0:set-y-0:set-y-0,2,4,0,set-y-0:set-y-0:set-y-1,not-applicable,0
3,set-y-0:set-y-0:set-y-1,0,12,0,set-y-1,not-applicable,0
3,set-y-0:set-y-0:set-y-1,1,4,0,set-y-0:set-y-1,not-applicable,0
3,set-y-0:set-y-0:set-y-1,2,12,0,set-y-0:set-y-0:set-y-1,not-applicable,0
3,set-y-0:set-y-1:set-x-0,0,12,0,set-y-1,not-applicable,0
3,set-y-0:set-y-1:set-x-0,1,12,0,set-y-0:set-y-1,not-applicable,0
3,set-y-0:set-y-1:set-x-0,2,10,0,set-x-1:set-y-0:set-y-1,not-applicable,0
3,set-y-0:set-y-1:set-x-1,0,12,0,set-y-1,not-applicable,0
3,set-y-0:set-y-1:set-x-1,1,12,0,set-y-0:set-y-1,not-applicable,0
3,set-y-0:set-y-1:set-x-1,2,8,0,set-x-1:set-y-0:set-y-1,not-applicable,0
3,set-y-0:set-y-1:set-y-0,0,12,0,set-y-1,not-applicable,0
3,set-y-0:set-y-1:set-y-0,1,12,0,set-y-0:set-y-1,not-applicable,0
3,set-y-0:set-y-1:set-y-0,2,12,0,set-y-1:set-y-0:set-y-1,not-applicable,0
3,set-y-0:set-y-1:set-y-1,0,12,0,set-y-1,not-applicable,0
3,set-y-0:set-y-1:set-y-1,1,12,0,set-y-0:set-y-1,not-applicable,0
3,set-y-0:set-y-1:set-y-1,2,8,0,set-y-1:set-y-0:set-y-1,not-applicable,0
3,set-y-1:set-x-0:set-x-0,0,8,1,set-y-1,1,1
3,set-y-1:set-x-0:set-x-0,1,10,1,set-x-1:set-y-1,1,2
3,set-y-1:set-x-0:set-x-0,2,2,1,set-x-0:set-x-1:set-y-1,1,1
3,set-y-1:set-x-0:set-x-1,0,8,1,set-y-1,1,1
3,set-y-1:set-x-0:set-x-1,1,10,1,set-x-1:set-y-1,1,2
3,set-y-1:set-x-0:set-x-1,2,10,1,set-x-0:set-x-1:set-y-1,1,2
3,set-y-1:set-x-0:set-y-0,0,8,1,set-y-1,1,1
3,set-y-1:set-x-0:set-y-0,1,10,1,set-x-1:set-y-1,1,2
3,set-y-1:set-x-0:set-y-0,2,3,1,set-y-1:set-x-1:set-y-1,1,2
3,set-y-1:set-x-0:set-y-1,0,8,1,set-y-1,1,1
3,set-y-1:set-x-0:set-y-1,1,10,1,set-x-1:set-y-1,1,2
3,set-y-1:set-x-0:set-y-1,2,2,1,set-y-1:set-x-1:set-y-1,1,1
3,set-y-1:set-x-1:set-x-0,0,8,1,set-y-1,1,1
3,set-y-1:set-x-1:set-x-0,1,8,1,set-x-1:set-y-1,1,1
3,set-y-1:set-x-1:set-x-0,2,10,1,set-x-1:set-x-1:set-y-1,1,2
3,set-y-1:set-x-1:set-x-1,0,8,1,set-y-1,1,1
3,set-y-1:set-x-1:set-x-1,1,8,1,set-x-1:set-y-1,1,1
3,set-y-1:set-x-1:set-x-1,2,8,1,set-x-1:set-x-1:set-y-1,1,1
3,set-y-1:set-x-1:set-y-0,0,8,1,set-y-1,1,1
3,set-y-1:set-x-1:set-y-0,1,8,1,set-x-1:set-y-1,1,1
3,set-y-1:set-x-1:set-y-0,2,12,0,set-y-1:set-x-1:set-y-1,not-applicable,0
3,set-y-1:set-x-1:set-y-1,0,8,1,set-y-1,1,1
3,set-y-1:set-x-1:set-y-1,1,8,1,set-x-1:set-y-1,1,1
3,set-y-1:set-x-1:set-y-1,2,8,1,set-y-1:set-x-1:set-y-1,1,1
3,set-y-1:set-y-0:set-x-0,0,8,1,set-y-1,1,1
3,set-y-1:set-y-0:set-x-0,1,12,0,set-y-1:set-y-1,not-applicable,0
3,set-y-1:set-y-0:set-x-0,2,5,0,set-x-1:set-y-1:set-y-1,not-applicable,0
3,set-y-1:set-y-0:set-x-1,0,8,1,set-y-1,1,1
3,set-y-1:set-y-0:set-x-1,1,12,0,set-y-1:set-y-1,not-applicable,0
3,set-y-1:set-y-0:set-x-1,2,4,0,set-x-1:set-y-1:set-y-1,not-applicable,0
3,set-y-1:set-y-0:set-y-0,0,8,1,set-y-1,1,1
3,set-y-1:set-y-0:set-y-0,1,12,0,set-y-1:set-y-1,not-applicable,0
3,set-y-1:set-y-0:set-y-0,2,4,0,set-y-0:set-y-1:set-y-1,not-applicable,0
3,set-y-1:set-y-0:set-y-1,0,8,1,set-y-1,1,1
3,set-y-1:set-y-0:set-y-1,1,12,0,set-y-1:set-y-1,not-applicable,0
3,set-y-1:set-y-0:set-y-1,2,12,0,set-y-0:set-y-1:set-y-1,not-applicable,0
3,set-y-1:set-y-1:set-x-0,0,8,1,set-y-1,1,1
3,set-y-1:set-y-1:set-x-0,1,8,1,set-y-1:set-y-1,1,1
3,set-y-1:set-y-1:set-x-0,2,10,1,set-x-1:set-y-1:set-y-1,1,2
3,set-y-1:set-y-1:set-x-1,0,8,1,set-y-1,1,1
3,set-y-1:set-y-1:set-x-1,1,8,1,set-y-1:set-y-1,1,1
3,set-y-1:set-y-1:set-x-1,2,8,1,set-x-1:set-y-1:set-y-1,1,1
3,set-y-1:set-y-1:set-y-0,0,8,1,set-y-1,1,1
3,set-y-1:set-y-1:set-y-0,1,8,1,set-y-1:set-y-1,1,1
3,set-y-1:set-y-1:set-y-0,2,12,0,set-y-1:set-y-1:set-y-1,not-applicable,0
3,set-y-1:set-y-1:set-y-1,0,8,1,set-y-1,1,1
3,set-y-1:set-y-1:set-y-1,1,8,1,set-y-1:set-y-1,1,1
3,set-y-1:set-y-1:set-y-1,2,8,1,set-y-1:set-y-1:set-y-1,1,1
